it,alpha_cvar,alpha_pow,ent_cvar,ent_pow,pstd_a_steer,pstd_a_thr,qspread_a,pstd_b_steer,pstd_b_thr,qspread_b,v_cap,k_slip,mu_min,mu_max,r_a,r_b,term,off_a,off_b,crash_a,crash_b,flip_a,flip_b,spun_a,spun_b,obs_a,obs_b
750200,0.5379,0.5379,-7.3026,-6.7960,0.0166,0.0113,0.8591,0.0149,0.0172,0.7208,10.00,0.200,0.570,0.680,0.0486,0.0550,0.0073,0.00220,0.00171,0.00000,0.00000,0.00000,0.00000,0.00000,0.00000,0.00220,0.00122
750400,0.5379,0.5379,-7.3026,-6.7960,0.0120,0.0102,0.8765,0.0180,0.0138,0.5888,10.00,0.200,0.570,0.680,0.0446,0.0413,0.0093,0.00146,0.00293,0.00000,0.00000,0.00000,0.00000,0.00000,0.00000,0.00269,0.00220
750600,0.5379,0.5379,-6.8518,-6.8679,0.0097,0.0154,0.8618,0.0170,0.0179,0.5334,10.00,0.200,0.570,0.680,0.0548,0.0407,0.0073,0.00195,0.00317,0.00000,0.00000,0.00000,0.00000,0.00000,0.00000,0.00073,0.00146
750800,0.5379,0.5379,-6.8518,-6.8679,0.0143,0.0196,0.8203,0.0158,0.0184,0.6646,10.00,0.200,0.570,0.680,0.0516,0.0434,0.0073,0.00195,0.00293,0.00000,0.00000,0.00000,0.00000,0.00000,0.00000,0.00098,0.00146
751000,0.5379,0.5379,-6.8518,-6.8679,0.0141,0.0179,0.6999,0.0156,0.0160,0.5966,10.00,0.200,0.570,0.680,0.0464,0.0471,0.0068,0.00073,0.00244,0.00000,0.00000,0.00000,0.00000,0.00000,0.00000,0.00171,0.00195
751200,0.5379,0.5379,-7.1057,-6.8581,0.0127,0.0187,0.8522,0.0144,0.0147,0.6822,10.00,0.200,0.570,0.680,0.0333,0.0407,0.0115,0.00269,0.00366,0.00000,0.00000,0.00000,0.00000,0.00000,0.00000,0.00342,0.00171
751400,0.5379,0.5379,-7.1057,-6.8581,0.0169,0.0173,0.7472,0.0091,0.0126,0.7586,10.00,0.200,0.570,0.680,0.0364,0.0483,0.0098,0.00269,0.00293,0.00000,0.00000,0.00000,0.00000,0.00000,0.00000,0.00269,0.00146
751600,0.5379,0.5379,-7.0020,-6.8265,0.0135,0.0164,0.8666,0.0156,0.0138,0.6804,10.00,0.200,0.570,0.680,0.0525,0.0402,0.0083,0.00146,0.00366,0.00000,0.00000,0.00000,0.00000,0.00000,0.00000,0.00098,0.00220
751800,0.5379,0.5379,-7.0020,-6.8265,0.0146,0.0033,0.4335,0.0179,0.0064,0.3801,10.00,0.200,0.570,0.680,-0.0666,-0.0639,0.0000,0.00000,0.00000,0.00000,0.00000,0.00000,0.00000,0.00000,0.00000,0.00000,0.00000
752000,0.5379,0.5379,-7.0020,-6.8265,0.0123,0.0103,0.7964,0.0144,0.0153,0.9595,10.00,0.200,0.570,0.680,0.0354,0.0321,0.0115,0.00317,0.00342,0.00000,0.00000,0.00000,0.00000,0.00000,0.00000,0.00146,0.00342
752200,0.5379,0.5379,-6.8352,-6.9130,0.0112,0.0132,0.7732,0.0123,0.0138,0.7981,10.00,0.200,0.570,0.680,0.0446,0.0369,0.0090,0.00269,0.00293,0.00000,0.00000,0.00000,0.00000,0.00000,0.00000,0.00098,0.00244
752400,0.5379,0.5379,-6.8352,-6.9130,0.0112,0.0095,0.7881,0.0175,0.0142,0.7878,10.00,0.200,0.570,0.680,0.0317,0.0262,0.0139,0.00415,0.00537,0.00000,0.00000,0.00000,0.00000,0.00000,0.00000,0.00171,0.00293
752600,0.5379,0.5379,-6.8942,-6.7803,0.0140,0.0106,0.7250,0.0187,0.0159,0.6226,10.00,0.200,0.570,0.680,0.0432,0.0330,0.0095,0.00195,0.00464,0.00000,0.00000,0.00000,0.00000,0.00000,0.00000,0.00122,0.00171
752800,0.5379,0.5379,-6.8942,-6.7803,0.0161,0.0126,0.8620,0.0194,0.0161,0.7490,10.00,0.200,0.570,0.680,0.0439,0.0364,0.0081,0.00122,0.00366,0.00000,0.00000,0.00000,0.00000,0.00000,0.00000,0.00098,0.00220
753000,0.5379,0.5379,-6.8942,-6.7803,0.0097,0.0106,0.8628,0.0185,0.0220,0.6112,10.00,0.200,0.570,0.680,0.0292,0.0396,0.0100,0.00317,0.00342,0.00000,0.00000,0.00000,0.00000,0.00000,0.00000,0.00171,0.00171
753200,0.5379,0.5379,-6.9354,-6.7596,0.0165,0.0100,0.9009,0.0157,0.0197,0.5655,10.00,0.200,0.570,0.680,0.0437,0.0411,0.0098,0.00244,0.00269,0.00000,0.00000,0.00000,0.00000,0.00000,0.00000,0.00195,0.00269
753400,0.5379,0.5379,-6.9354,-6.7596,0.0224,0.0177,0.7887,0.0203,0.0134,0.6907,10.00,0.200,0.570,0.680,0.0355,0.0488,0.0085,0.00244,0.00317,0.00000,0.00000,0.00000,0.00000,0.00000,0.00000,0.00220,0.00073
753600,0.5379,0.5379,-6.8144,-6.7822,0.0129,0.0034,0.5391,0.0156,0.0137,0.3677,10.00,0.200,0.570,0.680,-0.0282,-0.0290,0.0000,0.00000,0.00000,0.00000,0.00000,0.00000,0.00000,0.00000,0.00000,0.00000,0.00000
753800,0.5379,0.5379,-6.8144,-6.7822,0.0114,0.0150,0.8518,0.0152,0.0149,0.7035,10.00,0.200,0.570,0.680,0.0358,0.0088,0.0122,0.00342,0.00366,0.00000,0.00000,0.00000,0.00000,0.00000,0.00000,0.00195,0.00317
754000,0.5379,0.5379,-6.8144,-6.7822,0.0112,0.0170,1.0759,0.0219,0.0171,0.6753,10.00,0.200,0.570,0.680,0.0415,0.0559,0.0088,0.00220,0.00293,0.00000,0.00000,0.00000,0.00000,0.00000,0.00000,0.00220,0.00146
754200,0.5379,0.5379,-6.8388,-6.6312,0.0147,0.0226,0.8254,0.0218,0.0197,0.6800,10.00,0.200,0.570,0.680,0.0460,0.0555,0.0078,0.00220,0.00220,0.00000,0.00000,0.00000,0.00000,0.00000,0.00000,0.00195,0.00146
754400,0.5379,0.5379,-6.8388,-6.6312,0.0147,0.0196,0.8720,0.0156,0.0140,0.7861,10.00,0.200,0.570,0.680,0.0368,0.0570,0.0081,0.00317,0.00195,0.00000,0.00000,0.00000,0.00000,0.00000,0.00000,0.00195,0.00098
754600,0.5379,0.5379,-6.8967,-6.5898,0.0101,0.0194,0.8826,0.0172,0.0130,0.8065,10.00,0.200,0.570,0.680,0.0422,0.0501,0.0085,0.00269,0.00220,0.00000,0.00000,0.00000,0.00000,0.00000,0.00000,0.00195,0.00171
754800,0.5379,0.5379,-6.8967,-6.5898,0.0174,0.0134,0.6950,0.0230,0.0182,0.5838,10.00,0.200,0.570,0.680,0.0355,0.0519,0.0098,0.00342,0.00244,0.00000,0.00000,0.00000,0.00000,0.00000,0.00000,0.00220,0.00171
755000,0.5379,0.5379,-6.8967,-6.5898,0.0207,0.0100,0.8387,0.0180,0.0110,0.7462,10.00,0.200,0.570,0.680,0.0392,0.0492,0.0100,0.00342,0.00293,0.00000,0.00000,0.00000,0.00000,0.00000,0.00000,0.00269,0.00098
755200,0.5379,0.5379,-7.0208,-6.8156,0.0148,0.0154,0.8911,0.0176,0.0157,0.7439,10.00,0.200,0.570,0.680,0.0386,0.0493,0.0107,0.00220,0.00220,0.00000,0.00000,0.00000,0.00000,0.00000,0.00000,0.00317,0.00317
755400,0.5379,0.5379,-7.0208,-6.8156,0.0152,0.0030,0.5590,0.0178,0.0113,0.4333,10.00,0.200,0.570,0.680,-0.0185,-0.0190,0.0000,0.00000,0.00000,0.00000,0.00000,0.00000,0.00000,0.00000,0.00000,0.00000,0.00000
755600,0.5379,0.5379,-6.9223,-6.9351,0.0163,0.0156,0.9614,0.0175,0.0156,0.5631,10.00,0.200,0.570,0.680,0.0417,0.0416,0.0100,0.00317,0.00293,0.00000,0.00000,0.00000,0.00000,0.00000,0.00000,0.00171,0.00220
755800,0.5379,0.5379,-6.9223,-6.9351,0.0109,0.0133,0.9498,0.0116,0.0121,0.6583,10.00,0.200,0.570,0.680,0.0388,0.0361,0.0112,0.00293,0.00342,0.00000,0.00000,0.00000,0.00000,0.00000,0.00000,0.00269,0.00220
756000,0.5379,0.5379,-6.9223,-6.9351,0.0157,0.0088,0.8801,0.0262,0.0250,0.6066,10.00,0.200,0.570,0.680,0.0238,0.0360,0.0120,0.00366,0.00269,0.00000,0.00000,0.00000,0.00000,0.00000,0.00000,0.00317,0.00244
756200,0.5379,0.5379,-6.8512,-6.6374,0.0118,0.0131,0.8495,0.0141,0.0178,0.5463,10.00,0.200,0.570,0.680,0.0285,0.0284,0.0125,0.00366,0.00317,0.00000,0.00000,0.00000,0.00000,0.00000,0.00000,0.00244,0.00317
756400,0.5379,0.5379,-6.8512,-6.6374,0.0142,0.0140,0.8141,0.0206,0.0150,0.6062,10.00,0.200,0.570,0.680,0.0335,0.0357,0.0107,0.00317,0.00342,0.00000,0.00000,0.00000,0.00000,0.00000,0.00000,0.00171,0.00244
756600,0.5379,0.5379,-6.9928,-6.7540,0.0106,0.0148,0.7512,0.0120,0.0119,0.6768,10.00,0.200,0.570,0.680,0.0354,0.0300,0.0125,0.00342,0.00464,0.00000,0.00000,0.00000,0.00000,0.00000,0.00000,0.00171,0.00269
756800,0.5379,0.5379,-6.9928,-6.7540,0.0109,0.0105,0.7381,0.0181,0.0129,0.6970,10.00,0.200,0.570,0.680,0.0414,0.0345,0.0110,0.00269,0.00439,0.00000,0.00000,0.00000,0.00000,0.00000,0.00000,0.00146,0.00244
757000,0.5379,0.5379,-6.9928,-6.7540,0.0174,0.0137,0.8365,0.0152,0.0103,0.7442,10.00,0.200,0.570,0.680,0.0353,0.0420,0.0100,0.00342,0.00293,0.00000,0.00000,0.00000,0.00000,0.00000,0.00000,0.00122,0.00244
757200,0.5379,0.5379,-7.1034,-6.8700,0.0145,0.0020,0.6265,0.0230,0.0164,0.3553,10.00,0.200,0.570,0.680,-0.0066,-0.0074,0.0000,0.00000,0.00000,0.00000,0.00000,0.00000,0.00000,0.00000,0.00000,0.00000,0.00000
757400,0.5379,0.5379,-7.1034,-6.8700,0.0152,0.0138,0.8193,0.0120,0.0146,0.6263,10.00,0.200,0.570,0.680,0.0374,0.0448,0.0103,0.00244,0.00195,0.00000,0.00000,0.00000,0.00000,0.00000,0.00000,0.00244,0.00342
757600,0.5379,0.5379,-7.0555,-6.8803,0.0149,0.0102,0.7693,0.0193,0.0151,0.7543,10.00,0.200,0.570,0.680,0.0328,0.0401,0.0120,0.00317,0.00244,0.00000,0.00000,0.00000,0.00000,0.00000,0.00000,0.00293,0.00342
757800,0.5379,0.5379,-7.0555,-6.8803,0.0150,0.0138,0.9508,0.0194,0.0156,0.6885,10.00,0.200,0.570,0.680,0.0488,0.0553,0.0078,0.00220,0.00220,0.00000,0.00000,0.00000,0.00000,0.00000,0.00000,0.00146,0.00195
758000,0.5379,0.5379,-7.0555,-6.8803,0.0136,0.0114,0.9375,0.0154,0.0192,0.5162,10.00,0.200,0.570,0.680,0.0467,0.0498,0.0095,0.00293,0.00464,0.00000,0.00000,0.00000,0.00000,0.00000,0.00000,0.00073,0.00122
758200,0.5379,0.5379,-7.0483,-6.7547,0.0130,0.0155,0.8635,0.0165,0.0102,0.6764,10.00,0.200,0.570,0.680,0.0458,0.0566,0.0068,0.00220,0.00195,0.00000,0.00000,0.00000,0.00000,0.00000,0.00000,0.00098,0.00171
758400,0.5379,0.5379,-7.0483,-6.7547,0.0133,0.0179,0.7154,0.0156,0.0138,0.7096,10.00,0.200,0.570,0.680,0.0364,0.0410,0.0112,0.00293,0.00122,0.00000,0.00000,0.00000,0.00000,0.00000,0.00000,0.00269,0.00439
758600,0.5379,0.5379,-6.9184,-6.7967,0.0182,0.0106,0.9243,0.0141,0.0262,0.7838,10.00,0.200,0.570,0.680,0.0481,0.0421,0.0103,0.00195,0.00415,0.00000,0.00000,0.00000,0.00000,0.00000,0.00000,0.00244,0.00171
758800,0.5379,0.5379,-6.9184,-6.7967,0.0187,0.0147,0.7464,0.0176,0.0168,0.6266,10.00,0.200,0.570,0.680,0.0389,0.0553,0.0088,0.00269,0.00122,0.00000,0.00000,0.00000,0.00000,0.00000,0.00000,0.00244,0.00244
759000,0.5379,0.5379,-6.9184,-6.7967,0.0199,0.0053,0.5436,0.0159,0.0112,0.4094,10.00,0.200,0.570,0.680,0.0061,0.0059,0.0000,0.00000,0.00000,0.00000,0.00000,0.00000,0.00000,0.00000,0.00000,0.00000,0.00000
759200,0.5379,0.5379,-6.7908,-6.7428,0.0165,0.0159,0.7357,0.0209,0.0146,0.6385,10.00,0.200,0.570,0.680,0.0363,0.0384,0.0110,0.00342,0.00342,0.00000,0.00000,0.00000,0.00000,0.00000,0.00000,0.00171,0.00244
759400,0.5379,0.5379,-6.7908,-6.7428,0.0140,0.0157,1.0376,0.0132,0.0110,0.8184,10.00,0.200,0.570,0.680,0.0473,0.0403,0.0103,0.00220,0.00317,0.00000,0.00000,0.00000,0.00000,0.00000,0.00000,0.00244,0.00244
759600,0.5379,0.5379,-6.8610,-6.6697,0.0169,0.0130,0.8595,0.0163,0.0136,0.6455,10.00,0.200,0.570,0.680,0.0442,0.0217,0.0103,0.00171,0.00342,0.00000,0.00000,0.00000,0.00000,0.00000,0.00000,0.00122,0.00391
759800,0.5379,0.5379,-6.8610,-6.6697,0.0130,0.0114,0.8008,0.0211,0.0152,0.6612,10.00,0.200,0.570,0.680,0.0329,0.0460,0.0112,0.00293,0.00342,0.00000,0.00000,0.00000,0.00000,0.00000,0.00000,0.00293,0.00195
760000,0.5379,0.5379,-6.8610,-6.6697,0.0112,0.0176,0.7214,0.0116,0.0185,0.6887,10.00,0.200,0.570,0.680,0.0427,0.0374,0.0093,0.00244,0.00342,0.00000,0.00000,0.00000,0.00000,0.00000,0.00000,0.00122,0.00220
760200,0.5379,0.5379,-6.8289,-6.8212,0.0106,0.0133,0.7975,0.0237,0.0147,0.6880,10.00,0.200,0.570,0.680,0.0372,0.0503,0.0088,0.00293,0.00293,0.00000,0.00000,0.00000,0.00000,0.00000,0.00000,0.00195,0.00098
760400,0.5379,0.5379,-6.8289,-6.8212,0.0195,0.0137,0.6379,0.0248,0.0224,0.7187,10.00,0.200,0.570,0.680,0.0474,0.0399,0.0100,0.00244,0.00391,0.00000,0.00000,0.00000,0.00000,0.00000,0.00000,0.00073,0.00293
760600,0.5379,0.5379,-6.8042,-6.8756,0.0178,0.0178,0.8035,0.0241,0.0147,0.6323,10.00,0.200,0.570,0.680,0.0426,0.0372,0.0105,0.00293,0.00415,0.00000,0.00000,0.00000,0.00000,0.00000,0.00000,0.00146,0.00195
760800,0.5379,0.5379,-6.8042,-6.8756,0.0148,0.0030,0.5911,0.0250,0.0094,0.4511,10.00,0.200,0.570,0.680,0.0189,0.0201,0.0000,0.00000,0.00000,0.00000,0.00000,0.00000,0.00000,0.00000,0.00000,0.00000,0.00000
761000,0.5379,0.5379,-6.8042,-6.8756,0.0166,0.0125,0.7859,0.0225,0.0145,0.6483,10.00,0.200,0.570,0.680,0.0298,0.0530,0.0095,0.00244,0.00293,0.00000,0.00000,0.00000,0.00000,0.00000,0.00000,0.00293,0.00122
761200,0.5379,0.5379,-6.9589,-6.7527,0.0139,0.0145,0.7246,0.0141,0.0134,0.7029,10.00,0.200,0.570,0.680,0.0306,0.0458,0.0115,0.00195,0.00391,0.00000,0.00000,0.00000,0.00000,0.00000,0.00000,0.00391,0.00171
761400,0.5379,0.5379,-6.9589,-6.7527,0.0197,0.0122,0.8216,0.0155,0.0151,0.6225,10.00,0.200,0.570,0.680,0.0367,0.0574,0.0076,0.00317,0.00244,0.00000,0.00000,0.00000,0.00000,0.00000,0.00000,0.00049,0.00146
761600,0.5379,0.5379,-6.9629,-6.9692,0.0153,0.0131,0.8237,0.0222,0.0324,0.6786,10.00,0.200,0.570,0.680,0.0356,0.0579,0.0083,0.00342,0.00220,0.00000,0.00000,0.00000,0.00000,0.00000,0.00000,0.00146,0.00122
761800,0.5379,0.5379,-6.9629,-6.9692,0.0108,0.0145,0.9989,0.0096,0.0137,0.7233,10.00,0.200,0.570,0.680,0.0277,0.0340,0.0112,0.00293,0.00293,0.00000,0.00000,0.00000,0.00000,0.00000,0.00000,0.00244,0.00293
762000,0.5379,0.5379,-6.9629,-6.9692,0.0110,0.0128,0.9829,0.0186,0.0181,0.6990,10.00,0.200,0.570,0.680,0.0326,0.0427,0.0110,0.00464,0.00391,0.00000,0.00000,0.00000,0.00000,0.00000,0.00000,0.00146,0.00122
762200,0.5379,0.5379,-6.9467,-6.8569,0.0127,0.0110,0.8956,0.0215,0.0131,0.7016,10.00,0.200,0.570,0.680,0.0464,0.0399,0.0105,0.00269,0.00415,0.00000,0.00000,0.00000,0.00000,0.00000,0.00000,0.00146,0.00220
762400,0.5379,0.5379,-6.9467,-6.8569,0.0152,0.0129,0.7421,0.0141,0.0158,0.5928,10.00,0.200,0.570,0.680,0.0388,0.0441,0.0100,0.00342,0.00269,0.00000,0.00000,0.00000,0.00000,0.00000,0.00000,0.00171,0.00244
762600,0.5379,0.5379,-6.9276,-6.8267,0.0160,0.0092,0.6330,0.0205,0.0091,0.4669,10.00,0.200,0.570,0.680,0.0341,0.0317,0.0000,0.00000,0.00000,0.00000,0.00000,0.00000,0.00000,0.00000,0.00000,0.00000,0.00000
762800,0.5379,0.5379,-6.9276,-6.8267,0.0160,0.0134,0.7326,0.0158,0.0140,0.7668,10.00,0.200,0.570,0.680,0.0417,0.0337,0.0107,0.00244,0.00317,0.00000,0.00000,0.00000,0.00000,0.00000,0.00000,0.00171,0.00342
763000,0.5379,0.5379,-6.9276,-6.8267,0.0115,0.0087,0.7283,0.0174,0.0171,0.7101,10.00,0.200,0.570,0.680,0.0423,0.0391,0.0112,0.00366,0.00415,0.00000,0.00000,0.00000,0.00000,0.00000,0.00000,0.00122,0.00220
763200,0.5379,0.5379,-7.1169,-6.6705,0.0132,0.0134,0.6786,0.0147,0.0157,0.6804,10.00,0.200,0.570,0.680,0.0458,0.0409,0.0100,0.00171,0.00293,0.00000,0.00000,0.00000,0.00000,0.00000,0.00000,0.00293,0.00244
763400,0.5379,0.5379,-7.1169,-6.6705,0.0182,0.0096,0.7799,0.0157,0.0229,0.7978,10.00,0.200,0.570,0.680,0.0496,0.0292,0.0110,0.00171,0.00415,0.00000,0.00000,0.00000,0.00000,0.00000,0.00000,0.00195,0.00317
763600,0.5379,0.5379,-6.9852,-6.7829,0.0176,0.0099,0.8438,0.0110,0.0191,0.8840,10.00,0.200,0.570,0.680,0.0449,0.0488,0.0081,0.00220,0.00220,0.00000,0.00000,0.00000,0.00000,0.00000,0.00000,0.00146,0.00220
763800,0.5379,0.5379,-6.9852,-6.7829,0.0114,0.0145,0.9760,0.0130,0.0136,0.7045,10.00,0.200,0.570,0.680,0.0510,0.0452,0.0076,0.00171,0.00171,0.00000,0.00000,0.00000,0.00000,0.00000,0.00000,0.00146,0.00269
764000,0.5379,0.5379,-6.9852,-6.7829,0.0093,0.0105,1.1992,0.0190,0.0128,0.6850,10.00,0.200,0.570,0.680,0.0466,0.0532,0.0078,0.00220,0.00244,0.00000,0.00000,0.00000,0.00000,0.00000,0.00000,0.00146,0.00171
764200,0.5379,0.5379,-7.0219,-6.8486,0.0068,0.0125,1.0268,0.0140,0.0143,0.6537,10.00,0.200,0.570,0.680,0.0322,0.0432,0.0112,0.00415,0.00391,0.00000,0.00000,0.00000,0.00000,0.00000,0.00000,0.00195,0.00122
764400,0.5379,0.5379,-7.0219,-6.8486,0.0167,0.0082,0.6391,0.0165,0.0191,0.4950,10.00,0.200,0.570,0.680,0.0480,0.0443,0.0000,0.00000,0.00000,0.00000,0.00000,0.00000,0.00000,0.00000,0.00000,0.00000,0.00000
764600,0.5379,0.5379,-6.9432,-6.7860,0.0198,0.0105,0.7853,0.0126,0.0135,0.6324,10.00,0.200,0.570,0.680,0.0414,0.0416,0.0098,0.00195,0.00244,0.00000,0.00000,0.00000,0.00000,0.00000,0.00000,0.00195,0.00342
764800,0.5379,0.5379,-6.9432,-6.7860,0.0114,0.0184,0.7763,0.0100,0.0156,0.7208,10.00,0.200,0.570,0.680,0.0308,0.0289,0.0117,0.00391,0.00317,0.00000,0.00000,0.00000,0.00000,0.00000,0.00000,0.00122,0.00342
765000,0.5379,0.5379,-6.9432,-6.7860,0.0110,0.0139,0.8707,0.0134,0.0144,0.6272,10.00,0.200,0.570,0.680,0.0376,0.0441,0.0103,0.00244,0.00366,0.00000,0.00000,0.00000,0.00000,0.00000,0.00000,0.00244,0.00171
765200,0.5379,0.5379,-6.9119,-6.8552,0.0092,0.0133,0.8319,0.0119,0.0148,0.8278,10.00,0.200,0.570,0.680,0.0364,0.0433,0.0100,0.00269,0.00293,0.00000,0.00000,0.00000,0.00000,0.00000,0.00000,0.00220,0.00220
765400,0.5379,0.5379,-6.9119,-6.8552,0.0090,0.0155,0.9193,0.0094,0.0147,0.6378,10.00,0.200,0.570,0.680,0.0403,0.0504,0.0068,0.00195,0.00244,0.00000,0.00000,0.00000,0.00000,0.00000,0.00000,0.00146,0.00098
765600,0.5379,0.5379,-7.0895,-6.9163,0.0123,0.0086,0.8931,0.0078,0.0195,0.6939,10.00,0.200,0.570,0.680,0.0441,0.0396,0.0085,0.00195,0.00195,0.00000,0.00000,0.00000,0.00000,0.00000,0.00000,0.00171,0.00293
765800,0.5379,0.5379,-7.0895,-6.9163,0.0111,0.0177,0.6926,0.0141,0.0141,0.7012,10.00,0.200,0.570,0.680,0.0414,0.0515,0.0085,0.00293,0.00195,0.00000,0.00000,0.00000,0.00000,0.00000,0.00000,0.00122,0.00244
766000,0.5379,0.5379,-7.0895,-6.9163,0.0070,0.0139,0.8666,0.0174,0.0122,0.6246,10.00,0.200,0.570,0.680,0.0185,0.0452,0.0112,0.00366,0.00244,0.00000,0.00000,0.00000,0.00000,0.00000,0.00000,0.00269,0.00244
766200,0.5379,0.5379,-6.8795,-6.9099,0.0195,0.0074,0.6389,0.0225,0.0115,0.5028,10.00,0.200,0.570,0.680,0.0629,0.0563,0.0000,0.00000,0.00000,0.00000,0.00000,0.00000,0.00000,0.00000,0.00000,0.00000,0.00000
766400,0.5379,0.5379,-6.8795,-6.9099,0.0137,0.0138,0.8738,0.0171,0.0181,0.5708,10.00,0.200,0.570,0.680,0.0209,0.0513,0.0105,0.00439,0.00220,0.00000,0.00000,0.00000,0.00000,0.00000,0.00000,0.00269,0.00122
766600,0.5379,0.5379,-6.9576,-6.8042,0.0143,0.0138,0.8911,0.0147,0.0140,0.8467,10.00,0.200,0.570,0.680,0.0283,0.0331,0.0112,0.00317,0.00195,0.00000,0.00000,0.00000,0.00000,0.00000,0.00000,0.00293,0.00317
766800,0.5379,0.5379,-6.9576,-6.8042,0.0146,0.0138,0.7367,0.0208,0.0146,0.6681,10.00,0.200,0.570,0.680,0.0321,0.0425,0.0103,0.00244,0.00220,0.00000,0.00000,0.00000,0.00000,0.00000,0.00000,0.00342,0.00220
767000,0.5379,0.5379,-6.9576,-6.8042,0.0143,0.0173,0.9621,0.0148,0.0175,0.6383,10.00,0.200,0.570,0.680,0.0382,0.0514,0.0093,0.00220,0.00342,0.00000,0.00000,0.00000,0.00000,0.00000,0.00000,0.00220,0.00146
767200,0.5379,0.5379,-6.8997,-6.8061,0.0139,0.0173,0.8902,0.0162,0.0129,0.6880,10.00,0.200,0.570,0.680,0.0336,0.0407,0.0085,0.00293,0.00269,0.00000,0.00000,0.00000,0.00000,0.00000,0.00000,0.00122,0.00171
767400,0.5379,0.5379,-6.8997,-6.8061,0.0199,0.0174,0.8415,0.0127,0.0120,0.6119,10.00,0.200,0.570,0.680,0.0376,0.0258,0.0105,0.00220,0.00366,0.00000,0.00000,0.00000,0.00000,0.00000,0.00000,0.00220,0.00244
767600,0.5379,0.5379,-6.9745,-6.7685,0.0141,0.0143,0.9174,0.0123,0.0173,0.7200,10.00,0.200,0.570,0.680,0.0437,0.0409,0.0095,0.00293,0.00220,0.00000,0.00000,0.00000,0.00000,0.00000,0.00000,0.00122,0.00317
767800,0.5379,0.5379,-6.9745,-6.7685,0.0155,0.0183,0.7563,0.0219,0.0184,0.5871,10.00,0.200,0.570,0.680,0.0389,0.0543,0.0081,0.00220,0.00269,0.00000,0.00000,0.00000,0.00000,0.00000,0.00000,0.00195,0.00122
768000,0.5379,0.5379,-6.9745,-6.7685,0.0134,0.0085,0.7798,0.0228,0.0216,0.4705,10.00,0.200,0.570,0.680,0.0750,0.0662,0.0000,0.00000,0.00000,0.00000,0.00000,0.00000,0.00000,0.00000,0.00000,0.00000,0.00000
768200,0.5379,0.5379,-7.0355,-6.8393,0.0117,0.0108,0.8125,0.0189,0.0134,0.6180,10.00,0.200,0.570,0.680,0.0088,0.0568,0.0115,0.00488,0.00220,0.00000,0.00000,0.00000,0.00000,0.00000,0.00000,0.00317,0.00146
768400,0.5379,0.5379,-7.0355,-6.8393,0.0145,0.0143,0.8596,0.0158,0.0189,0.7951,10.00,0.200,0.570,0.680,0.0417,0.0475,0.0083,0.00269,0.00293,0.00000,0.00000,0.00000,0.00000,0.00000,0.00000,0.00098,0.00171
768600,0.5379,0.5379,-6.8649,-6.6644,0.0172,0.0141,0.7960,0.0164,0.0142,0.6156,10.00,0.200,0.570,0.680,0.0282,0.0405,0.0110,0.00415,0.00342,0.00000,0.00000,0.00000,0.00000,0.00000,0.00000,0.00073,0.00293
768800,0.5379,0.5379,-6.8649,-6.6644,0.0116,0.0100,0.8314,0.0166,0.0151,0.7616,10.00,0.200,0.570,0.680,0.0289,0.0303,0.0127,0.00244,0.00391,0.00000,0.00000,0.00000,0.00000,0.00000,0.00000,0.00293,0.00342
769000,0.5379,0.5379,-6.8649,-6.6644,0.0105,0.0134,0.8303,0.0172,0.0141,0.7603,10.00,0.200,0.570,0.680,0.0432,0.0452,0.0085,0.00195,0.00244,0.00000,0.00000,0.00000,0.00000,0.00000,0.00000,0.00171,0.00244
769200,0.5379,0.5379,-6.8605,-6.8273,0.0132,0.0132,0.7819,0.0155,0.0181,0.6614,10.00,0.200,0.570,0.680,0.0196,0.0519,0.0103,0.00366,0.00269,0.00000,0.00000,0.00000,0.00000,0.00000,0.00000,0.00220,0.00195
769400,0.5379,0.5379,-6.8605,-6.8273,0.0195,0.0267,0.6585,0.0180,0.0119,0.6894,10.00,0.200,0.570,0.680,0.0391,0.0563,0.0071,0.00220,0.00220,0.00000,0.00000,0.00000,0.00000,0.00000,0.00000,0.00146,0.00122
769600,0.5379,0.5379,-6.9531,-6.8624,0.0114,0.0216,0.8206,0.0206,0.0179,0.6515,10.00,0.200,0.570,0.680,0.0346,0.0435,0.0110,0.00415,0.00269,0.00000,0.00000,0.00000,0.00000,0.00000,0.00000,0.00220,0.00195
769800,0.5379,0.5379,-6.9531,-6.8624,0.0112,0.0103,0.7409,0.0123,0.0146,0.5236,10.00,0.200,0.570,0.680,0.0839,0.0718,0.0005,0.00000,0.00049,0.00000,0.00000,0.00000,0.00000,0.00000,0.00000,0.00000,0.00000
770000,0.5379,0.5379,-6.9531,-6.8624,0.0141,0.0119,0.7786,0.0180,0.0173,0.6737,10.00,0.200,0.570,0.680,0.0452,0.0361,0.0098,0.00244,0.00220,0.00000,0.00000,0.00000,0.00000,0.00000,0.00000,0.00171,0.00342
770200,0.5379,0.5379,-6.8792,-6.8824,0.0136,0.0152,0.8211,0.0120,0.0145,0.8647,10.00,0.200,0.570,0.680,0.0486,0.0500,0.0088,0.00220,0.00244,0.00000,0.00000,0.00000,0.00000,0.00000,0.00000,0.00171,0.00244
770400,0.5379,0.5379,-6.8792,-6.8824,0.0147,0.0166,0.7349,0.0209,0.0206,0.7221,10.00,0.200,0.570,0.680,0.0384,0.0474,0.0107,0.00342,0.00293,0.00000,0.00000,0.00000,0.00000,0.00000,0.00000,0.00244,0.00195
770600,0.5379,0.5379,-6.8826,-6.8182,0.0099,0.0140,0.8466,0.0191,0.0132,0.6998,10.00,0.200,0.570,0.680,0.0462,0.0510,0.0093,0.00244,0.00317,0.00000,0.00000,0.00000,0.00000,0.00000,0.00000,0.00171,0.00195
770800,0.5379,0.5379,-6.8826,-6.8182,0.0081,0.0135,1.0036,0.0116,0.0133,0.8039,10.00,0.200,0.570,0.680,0.0551,0.0452,0.0068,0.00146,0.00293,0.00000,0.00000,0.00000,0.00000,0.00000,0.00000,0.00122,0.00146
771000,0.5379,0.5379,-6.8826,-6.8182,0.0084,0.0101,0.9518,0.0134,0.0120,0.7186,10.00,0.200,0.570,0.680,0.0539,0.0420,0.0081,0.00195,0.00366,0.00000,0.00000,0.00000,0.00000,0.00000,0.00000,0.00098,0.00146
771200,0.5379,0.5379,-6.9636,-6.9156,0.0180,0.0117,0.9512,0.0257,0.0171,0.5533,10.00,0.200,0.570,0.680,0.0532,0.0416,0.0100,0.00244,0.00464,0.00000,0.00000,0.00000,0.00000,0.00000,0.00000,0.00171,0.00122
771400,0.5379,0.5379,-6.9636,-6.9156,0.0121,0.0104,0.7595,0.0205,0.0131,0.5863,10.00,0.200,0.570,0.680,0.0489,0.0507,0.0081,0.00195,0.00195,0.00000,0.00000,0.00000,0.00000,0.00000,0.00000,0.00195,0.00220
771600,0.5379,0.5379,-6.8977,-6.7883,0.0162,0.0138,0.7921,0.0092,0.0106,0.6085,10.00,0.200,0.570,0.680,0.0897,0.0830,0.0000,0.00000,0.00000,0.00000,0.00000,0.00000,0.00000,0.00000,0.00000,0.00000,0.00000
771800,0.5379,0.5379,-6.8977,-6.7883,0.0155,0.0129,0.7491,0.0187,0.0233,0.6450,10.00,0.200,0.570,0.680,0.0573,0.0422,0.0073,0.00098,0.00244,0.00000,0.00000,0.00000,0.00000,0.00000,0.00000,0.00098,0.00317
772000,0.5379,0.5379,-6.8977,-6.7883,0.0155,0.0121,0.8071,0.0136,0.0157,0.8277,10.00,0.200,0.570,0.680,0.0525,0.0310,0.0103,0.00220,0.00269,0.00000,0.00000,0.00000,0.00000,0.00000,0.00000,0.00122,0.00415
772200,0.5379,0.5379,-6.9219,-6.9018,0.0148,0.0116,0.7489,0.0186,0.0177,0.5930,10.00,0.200,0.570,0.680,0.0462,0.0478,0.0095,0.00269,0.00293,0.00000,0.00000,0.00000,0.00000,0.00000,0.00000,0.00195,0.00195
772400,0.5379,0.5379,-6.9219,-6.9018,0.0108,0.0169,0.9675,0.0185,0.0146,0.7569,10.00,0.200,0.570,0.680,0.0498,0.0469,0.0073,0.00146,0.00195,0.00000,0.00000,0.00000,0.00000,0.00000,0.00000,0.00146,0.00244
772600,0.5379,0.5379,-7.0181,-6.7571,0.0092,0.0125,0.7685,0.0155,0.0135,0.7906,10.00,0.200,0.570,0.680,0.0259,0.0438,0.0112,0.00366,0.00220,0.00000,0.00000,0.00000,0.00000,0.00000,0.00000,0.00293,0.00244
772800,0.5379,0.5379,-7.0181,-6.7571,0.0216,0.0156,0.7068,0.0193,0.0120,0.8959,10.00,0.200,0.570,0.680,0.0479,0.0156,0.0093,0.00195,0.00244,0.00000,0.00000,0.00000,0.00000,0.00000,0.00000,0.00146,0.00342
773000,0.5379,0.5379,-7.0181,-6.7571,0.0111,0.0125,0.8221,0.0120,0.0182,0.6499,10.00,0.200,0.570,0.680,0.0371,0.0352,0.0115,0.00269,0.00293,0.00000,0.00000,0.00000,0.00000,0.00000,0.00000,0.00293,0.00293
773200,0.5379,0.5379,-6.8660,-6.8545,0.0173,0.0192,0.7156,0.0165,0.0157,0.7010,10.00,0.200,0.570,0.680,0.0292,0.0560,0.0095,0.00342,0.00220,0.00000,0.00000,0.00000,0.00000,0.00000,0.00000,0.00220,0.00171
773400,0.5379,0.5379,-6.8660,-6.8545,0.0118,0.0118,0.8231,0.0236,0.0172,0.5613,10.00,0.200,0.570,0.680,0.0885,0.0889,0.0007,0.00073,0.00000,0.00000,0.00000,0.00000,0.00000,0.00000,0.00000,0.00000,0.00000
773600,0.5379,0.5379,-7.0333,-6.6784,0.0220,0.0141,0.7672,0.0155,0.0204,0.7421,10.00,0.200,0.570,0.680,0.0271,0.0332,0.0107,0.00195,0.00342,0.00000,0.00000,0.00000,0.00000,0.00000,0.00000,0.00220,0.00317
773800,0.5379,0.5379,-7.0333,-6.6784,0.0183,0.0175,0.8589,0.0154,0.0172,0.6650,10.00,0.200,0.570,0.680,0.0416,0.0468,0.0100,0.00244,0.00391,0.00000,0.00000,0.00000,0.00000,0.00000,0.00000,0.00195,0.00171
774000,0.5379,0.5379,-7.0333,-6.6784,0.0119,0.0094,0.9134,0.0184,0.0113,0.6323,10.00,0.200,0.570,0.680,0.0238,0.0432,0.0117,0.00293,0.00415,0.00000,0.00000,0.00000,0.00000,0.00000,0.00000,0.00293,0.00171
774200,0.5379,0.5379,-7.0753,-6.8405,0.0077,0.0084,0.9947,0.0147,0.0213,0.8140,10.00,0.200,0.570,0.680,0.0354,0.0441,0.0098,0.00269,0.00293,0.00000,0.00000,0.00000,0.00000,0.00000,0.00000,0.00195,0.00220
774400,0.5379,0.5379,-7.0753,-6.8405,0.0138,0.0122,0.9462,0.0132,0.0140,0.7159,10.00,0.200,0.570,0.680,0.0352,0.0361,0.0090,0.00317,0.00244,0.00000,0.00000,0.00000,0.00000,0.00000,0.00000,0.00098,0.00244
774600,0.5379,0.5379,-6.9562,-6.8381,0.0156,0.0130,0.8750,0.0140,0.0209,0.6981,10.00,0.200,0.570,0.680,0.0335,0.0365,0.0105,0.00342,0.00391,0.00000,0.00000,0.00000,0.00000,0.00000,0.00000,0.00122,0.00195
774800,0.5379,0.5379,-6.9562,-6.8381,0.0208,0.0112,0.9955,0.0184,0.0274,0.6378,10.00,0.200,0.570,0.680,0.0470,0.0474,0.0081,0.00269,0.00220,0.00000,0.00000,0.00000,0.00000,0.00000,0.00000,0.00049,0.00269
775000,0.5379,0.5379,-6.9562,-6.8381,0.0178,0.0079,0.7183,0.0247,0.0225,0.5416,10.00,0.200,0.570,0.680,0.0428,0.0322,0.0093,0.00171,0.00439,0.00000,0.00000,0.00000,0.00000,0.00000,0.00000,0.00146,0.00171
775200,0.5379,0.5379,-6.8499,-6.6984,0.0141,0.0121,0.9324,0.0212,0.0181,0.6431,10.00,0.200,0.570,0.680,0.0878,0.0911,0.0012,0.00073,0.00049,0.00000,0.00000,0.00000,0.00000,0.00000,0.00000,0.00000,0.00000
775400,0.5379,0.5379,-6.8499,-6.6984,0.0148,0.0151,0.7764,0.0144,0.0182,0.9355,10.00,0.200,0.570,0.680,0.0394,0.0230,0.0117,0.00244,0.00391,0.00000,0.00000,0.00000,0.00000,0.00000,0.00000,0.00195,0.00342
775600,0.5379,0.5379,-6.9284,-6.8918,0.0175,0.0087,1.0358,0.0136,0.0158,0.5480,10.00,0.200,0.570,0.680,0.0299,0.0333,0.0139,0.00391,0.00439,0.00000,0.00000,0.00000,0.00000,0.00000,0.00000,0.00244,0.00317
775800,0.5379,0.5379,-6.9284,-6.8918,0.0147,0.0230,0.7446,0.0130,0.0151,0.8307,10.00,0.200,0.570,0.680,0.0321,0.0415,0.0117,0.00439,0.00317,0.00000,0.00000,0.00000,0.00000,0.00000,0.00000,0.00146,0.00269
776000,0.5379,0.5379,-6.9284,-6.8918,0.0112,0.0134,0.9672,0.0084,0.0207,0.6932,10.00,0.200,0.570,0.680,0.0309,0.0392,0.0120,0.00366,0.00317,0.00000,0.00000,0.00000,0.00000,0.00000,0.00000,0.00269,0.00244
776200,0.5379,0.5379,-6.9900,-6.8511,0.0121,0.0127,0.9279,0.0138,0.0170,0.6534,10.00,0.200,0.570,0.680,0.0241,0.0418,0.0117,0.00439,0.00342,0.00000,0.00000,0.00000,0.00000,0.00000,0.00000,0.00220,0.00171
776400,0.5379,0.5379,-6.9900,-6.8511,0.0114,0.0108,0.9030,0.0123,0.0165,0.6954,10.00,0.200,0.570,0.680,0.0247,0.0469,0.0115,0.00464,0.00269,0.00000,0.00000,0.00000,0.00000,0.00000,0.00000,0.00195,0.00244
776600,0.5379,0.5379,-6.9865,-6.9994,0.0121,0.0127,0.8584,0.0203,0.0156,0.6060,10.00,0.200,0.570,0.680,0.0323,0.0340,0.0132,0.00415,0.00562,0.00000,0.00000,0.00000,0.00000,0.00000,0.00000,0.00195,0.00146
776800,0.5379,0.5379,-6.9865,-6.9994,0.0152,0.0140,1.0025,0.0154,0.0120,0.8924,10.00,0.200,0.570,0.680,0.0387,0.0372,0.0110,0.00269,0.00366,0.00000,0.00000,0.00000,0.00000,0.00000,0.00000,0.00195,0.00269
777000,0.5379,0.5379,-6.9865,-6.9994,0.0099,0.0099,0.9267,0.0137,0.0150,0.7021,10.00,0.200,0.570,0.680,0.0861,0.0943,0.0015,0.00098,0.00024,0.00000,0.00000,0.00000,0.00000,0.00000,0.00000,0.00000,0.00024
777200,0.5379,0.5379,-7.0577,-6.7338,0.0193,0.0165,0.6995,0.0210,0.0155,0.6973,10.00,0.200,0.570,0.680,0.0407,0.0523,0.0095,0.00317,0.00366,0.00000,0.00000,0.00000,0.00000,0.00000,0.00000,0.00171,0.00098
777400,0.5379,0.5379,-7.0577,-6.7338,0.0190,0.0149,0.6564,0.0103,0.0116,0.7143,10.00,0.200,0.570,0.680,0.0477,0.0532,0.0095,0.00220,0.00342,0.00000,0.00000,0.00000,0.00000,0.00000,0.00000,0.00244,0.00146
777600,0.5379,0.5379,-7.0730,-6.7948,0.0131,0.0104,0.8747,0.0117,0.0140,0.7440,10.00,0.200,0.570,0.680,0.0466,0.0450,0.0105,0.00244,0.00439,0.00000,0.00000,0.00000,0.00000,0.00000,0.00000,0.00146,0.00220
777800,0.5379,0.5379,-7.0730,-6.7948,0.0141,0.0156,0.8599,0.0158,0.0173,0.5875,10.00,0.200,0.570,0.680,0.0488,0.0459,0.0095,0.00220,0.00269,0.00000,0.00000,0.00000,0.00000,0.00000,0.00000,0.00195,0.00269
778000,0.5379,0.5379,-7.0730,-6.7948,0.0129,0.0121,0.8855,0.0119,0.0119,0.9622,10.00,0.200,0.570,0.680,0.0395,0.0472,0.0098,0.00269,0.00244,0.00000,0.00000,0.00000,0.00000,0.00000,0.00000,0.00269,0.00195
778200,0.5379,0.5379,-7.0007,-6.7329,0.0132,0.0123,0.8231,0.0210,0.0153,0.6194,10.00,0.200,0.570,0.680,0.0513,0.0305,0.0107,0.00244,0.00366,0.00000,0.00000,0.00000,0.00000,0.00000,0.00000,0.00146,0.00317
778400,0.5379,0.5379,-7.0007,-6.7329,0.0131,0.0140,0.7895,0.0124,0.0130,0.6546,10.00,0.200,0.570,0.680,0.0331,0.0503,0.0117,0.00415,0.00220,0.00000,0.00000,0.00000,0.00000,0.00000,0.00000,0.00317,0.00220
778600,0.5379,0.5379,-6.9512,-6.9324,0.0175,0.0123,0.7964,0.0168,0.0163,0.7331,10.00,0.200,0.570,0.680,0.0464,0.0330,0.0115,0.00244,0.00391,0.00000,0.00000,0.00000,0.00000,0.00000,0.00000,0.00220,0.00293
778800,0.5379,0.5379,-6.9512,-6.9324,0.0110,0.0197,0.9290,0.0160,0.0093,0.6120,10.00,0.200,0.570,0.680,0.0918,0.1008,0.0005,0.00000,0.00024,0.00000,0.00000,0.00000,0.00000,0.00000,0.00000,0.00024,0.00000
779000,0.5379,0.5379,-6.9512,-6.9324,0.0104,0.0129,0.7989,0.0182,0.0147,0.8444,10.00,0.200,0.570,0.680,0.0427,0.0428,0.0100,0.00220,0.00269,0.00000,0.00000,0.00000,0.00000,0.00000,0.00000,0.00244,0.00269
779200,0.5379,0.5379,-6.9359,-6.8540,0.0131,0.0136,0.8261,0.0164,0.0122,0.6539,10.00,0.200,0.570,0.680,0.0408,0.0530,0.0083,0.00220,0.00195,0.00000,0.00000,0.00000,0.00000,0.00000,0.00000,0.00220,0.00195
779400,0.5379,0.5379,-6.9359,-6.8540,0.0159,0.0112,0.9053,0.0130,0.0149,0.7390,10.00,0.200,0.570,0.680,0.0493,0.0445,0.0088,0.00195,0.00293,0.00000,0.00000,0.00000,0.00000,0.00000,0.00000,0.00171,0.00220
779600,0.5379,0.5379,-7.0131,-6.8111,0.0167,0.0143,0.6965,0.0135,0.0136,0.5906,10.00,0.200,0.570,0.680,0.0456,0.0536,0.0083,0.00220,0.00269,0.00000,0.00000,0.00000,0.00000,0.00000,0.00000,0.00171,0.00171
779800,0.5379,0.5379,-7.0131,-6.8111,0.0142,0.0162,0.8689,0.0109,0.0159,0.7457,10.00,0.200,0.570,0.680,0.0402,0.0450,0.0083,0.00269,0.00171,0.00000,0.00000,0.00000,0.00000,0.00000,0.00000,0.00171,0.00220
780000,0.5379,0.5379,-7.0131,-6.8111,0.0142,0.0137,0.9106,0.0131,0.0157,0.6793,10.00,0.200,0.570,0.680,0.0446,0.0388,0.0105,0.00342,0.00366,0.00000,0.00000,0.00000,0.00000,0.00000,0.00000,0.00098,0.00244
780200,0.5379,0.5379,-6.8855,-7.0555,0.0144,0.0123,0.9053,0.0126,0.0109,0.7706,10.00,0.200,0.570,0.680,0.0452,0.0439,0.0090,0.00195,0.00293,0.00000,0.00000,0.00000,0.00000,0.00024,0.00000,0.00195,0.00220
780400,0.5379,0.5379,-6.8855,-7.0555,0.0250,0.0307,0.8228,0.0203,0.0179,0.9904,10.00,0.200,0.570,0.680,0.0436,0.0391,0.0081,0.00244,0.00220,0.00000,0.00000,0.00000,0.00000,0.00000,0.00000,0.00122,0.00220
780600,0.5379,0.5379,-7.0452,-6.9052,0.0117,0.0152,1.0187,0.0269,0.0213,0.7099,10.00,0.200,0.570,0.680,0.0744,0.0925,0.0039,0.00073,0.00171,0.00000,0.00000,0.00000,0.00000,0.00000,0.00000,0.00098,0.00049
780800,0.5379,0.5379,-7.0452,-6.9052,0.0113,0.0121,1.0351,0.0100,0.0143,0.8156,10.00,0.200,0.570,0.680,0.0490,0.0224,0.0103,0.00098,0.00415,0.00000,0.00000,0.00000,0.00000,0.00000,0.00000,0.00146,0.00366
781000,0.5379,0.5379,-7.0452,-6.9052,0.0136,0.0124,0.9484,0.0123,0.0155,0.6449,10.00,0.200,0.570,0.680,0.0489,0.0466,0.0085,0.00195,0.00342,0.00000,0.00000,0.00000,0.00000,0.00000,0.00000,0.00122,0.00195
781200,0.5379,0.5379,-7.0363,-6.9047,0.0127,0.0157,0.9701,0.0156,0.0110,0.8324,10.00,0.200,0.570,0.680,0.0374,0.0322,0.0093,0.00293,0.00342,0.00000,0.00000,0.00000,0.00000,0.00000,0.00000,0.00122,0.00195
781400,0.5379,0.5379,-7.0363,-6.9047,0.0132,0.0161,0.9089,0.0140,0.0200,0.6474,10.00,0.200,0.570,0.680,0.0424,0.0536,0.0085,0.00146,0.00293,0.00000,0.00000,0.00000,0.00000,0.00000,0.00000,0.00269,0.00146
781600,0.5379,0.5379,-6.9570,-6.7764,0.0142,0.0142,1.2653,0.0151,0.0119,0.7791,10.00,0.200,0.570,0.680,0.0350,0.0487,0.0100,0.00317,0.00366,0.00000,0.00000,0.00000,0.00000,0.00000,0.00000,0.00220,0.00122
781800,0.5379,0.5379,-6.9570,-6.7764,0.0263,0.0138,1.2074,0.0105,0.0166,0.7107,10.00,0.200,0.570,0.680,0.0481,0.0533,0.0078,0.00146,0.00244,0.00000,0.00000,0.00000,0.00000,0.00000,0.00000,0.00195,0.00195
782000,0.5379,0.5379,-6.9570,-6.7764,0.0104,0.0157,0.8834,0.0225,0.0130,0.6058,10.00,0.200,0.570,0.680,0.0427,0.0419,0.0098,0.00342,0.00269,0.00000,0.00000,0.00000,0.00000,0.00000,0.00000,0.00146,0.00244
782200,0.5379,0.5379,-6.8936,-6.8403,0.0148,0.0106,0.9588,0.0126,0.0151,0.6721,10.00,0.200,0.570,0.680,0.0453,0.0319,0.0115,0.00122,0.00366,0.00000,0.00000,0.00000,0.00000,0.00000,0.00000,0.00342,0.00317
782400,0.5379,0.5379,-6.8936,-6.8403,0.0150,0.0139,0.8694,0.0189,0.0106,0.7005,10.00,0.200,0.570,0.680,0.0784,0.0925,0.0044,0.00146,0.00195,0.00000,0.00000,0.00000,0.00000,0.00000,0.00000,0.00049,0.00049
782600,0.5379,0.5379,-6.6758,-6.7781,0.0171,0.0153,0.7683,0.0092,0.0139,0.6721,10.00,0.200,0.570,0.680,0.0457,0.0340,0.0107,0.00244,0.00293,0.00000,0.00000,0.00000,0.00000,0.00000,0.00000,0.00195,0.00342
782800,0.5379,0.5379,-6.6758,-6.7781,0.0117,0.0176,0.7834,0.0172,0.0188,0.6824,10.00,0.200,0.570,0.680,0.0538,0.0425,0.0085,0.00171,0.00317,0.00000,0.00000,0.00000,0.00000,0.00000,0.00000,0.00122,0.00269
783000,0.5379,0.5379,-6.6758,-6.7781,0.0188,0.0227,0.9924,0.0196,0.0141,0.4561,10.00,0.200,0.570,0.680,0.0555,0.0489,0.0073,0.00122,0.00244,0.00000,0.00000,0.00000,0.00000,0.00000,0.00000,0.00122,0.00244
783200,0.5379,0.5379,-6.7948,-6.9170,0.0121,0.0131,0.8339,0.0110,0.0153,0.5673,10.00,0.200,0.570,0.680,0.0396,0.0454,0.0100,0.00269,0.00366,0.00000,0.00000,0.00000,0.00000,0.00000,0.00000,0.00195,0.00171
783400,0.5379,0.5379,-6.7948,-6.9170,0.0155,0.0168,0.9489,0.0092,0.0131,0.7066,10.00,0.200,0.570,0.680,0.0489,0.0445,0.0093,0.00269,0.00342,0.00000,0.00000,0.00000,0.00000,0.00000,0.00000,0.00073,0.00244
783600,0.5379,0.5379,-6.8632,-6.7837,0.0149,0.0174,0.7149,0.0083,0.0148,0.8777,10.00,0.200,0.570,0.680,0.0397,0.0355,0.0095,0.00244,0.00342,0.00000,0.00000,0.00000,0.00000,0.00000,0.00000,0.00098,0.00269
783800,0.5379,0.5379,-6.8632,-6.7837,0.0131,0.0137,0.7518,0.0121,0.0126,0.6110,10.00,0.200,0.570,0.680,0.0431,0.0533,0.0081,0.00293,0.00244,0.00000,0.00000,0.00000,0.00000,0.00000,0.00000,0.00073,0.00195
784000,0.5379,0.5379,-6.8632,-6.7837,0.0084,0.0117,0.9980,0.0114,0.0147,0.8235,10.00,0.200,0.570,0.680,0.0418,0.0385,0.0090,0.00195,0.00293,0.00000,0.00000,0.00000,0.00000,0.00000,0.00000,0.00195,0.00220
784200,0.5379,0.5379,-6.9617,-6.6422,0.0105,0.0137,0.9761,0.0113,0.0124,0.8458,10.00,0.200,0.570,0.680,0.0656,0.0974,0.0034,0.00098,0.00049,0.00000,0.00000,0.00000,0.00000,0.00000,0.00000,0.00122,0.00073
784400,0.5379,0.5379,-6.9617,-6.6422,0.0137,0.0109,0.7756,0.0096,0.0166,0.6722,10.00,0.200,0.570,0.680,0.0371,0.0254,0.0120,0.00195,0.00488,0.00000,0.00000,0.00000,0.00000,0.00000,0.00000,0.00244,0.00269
784600,0.5379,0.5379,-7.0159,-6.7353,0.0158,0.0174,0.9678,0.0127,0.0133,0.7028,10.00,0.200,0.570,0.680,0.0372,0.0362,0.0100,0.00244,0.00317,0.00000,0.00000,0.00000,0.00000,0.00000,0.00000,0.00220,0.00220
784800,0.5379,0.5379,-7.0159,-6.7353,0.0110,0.0120,0.8831,0.0150,0.0189,0.8022,10.00,0.200,0.570,0.680,0.0403,0.0440,0.0095,0.00195,0.00293,0.00000,0.00000,0.00000,0.00000,0.00000,0.00000,0.00195,0.00269
785000,0.5379,0.5379,-7.0159,-6.7353,0.0113,0.0138,0.8402,0.0213,0.0246,0.6952,10.00,0.200,0.570,0.680,0.0356,0.0434,0.0107,0.00342,0.00366,0.00000,0.00000,0.00000,0.00000,0.00000,0.00000,0.00146,0.00220
785200,0.5379,0.5379,-7.1083,-6.8303,0.0185,0.0106,0.7519,0.0131,0.0170,0.7593,10.00,0.200,0.570,0.680,0.0463,0.0401,0.0081,0.00146,0.00146,0.00000,0.00000,0.00000,0.00000,0.00000,0.00000,0.00171,0.00342
785400,0.5379,0.5379,-7.1083,-6.8303,0.0207,0.0143,0.9146,0.0182,0.0138,0.6600,10.00,0.200,0.570,0.680,0.0385,0.0289,0.0129,0.00366,0.00464,0.00000,0.00000,0.00000,0.00000,0.00000,0.00000,0.00122,0.00342
785600,0.5379,0.5379,-6.9770,-6.9243,0.0113,0.0175,0.7596,0.0093,0.0146,0.8083,10.00,0.200,0.570,0.680,0.0307,0.0550,0.0093,0.00342,0.00244,0.00000,0.00000,0.00000,0.00000,0.00000,0.00000,0.00244,0.00098
785800,0.5379,0.5379,-6.9770,-6.9243,0.0111,0.0088,0.9466,0.0135,0.0130,0.6768,10.00,0.200,0.570,0.680,0.0370,0.0361,0.0120,0.00391,0.00366,0.00000,0.00000,0.00000,0.00000,0.00000,0.00000,0.00195,0.00244
786000,0.5379,0.5379,-6.9770,-6.9243,0.0139,0.0118,1.0536,0.0196,0.0182,0.8225,10.00,0.200,0.570,0.680,0.0707,0.0963,0.0029,0.00122,0.00024,0.00000,0.00000,0.00000,0.00000,0.00000,0.00000,0.00049,0.00098
786200,0.5379,0.5379,-6.9682,-6.7304,0.0144,0.0102,0.8643,0.0100,0.0118,0.6727,10.00,0.200,0.570,0.680,0.0306,0.0284,0.0125,0.00244,0.00391,0.00000,0.00000,0.00000,0.00000,0.00000,0.00000,0.00244,0.00366
786400,0.5379,0.5379,-6.9682,-6.7304,0.0111,0.0118,0.8422,0.0138,0.0222,0.7733,10.00,0.200,0.570,0.680,0.0532,0.0479,0.0076,0.00146,0.00293,0.00000,0.00000,0.00000,0.00000,0.00000,0.00000,0.00122,0.00195
786600,0.5379,0.5379,-7.0178,-6.7598,0.0178,0.0120,0.8210,0.0209,0.0184,0.6159,10.00,0.200,0.570,0.680,0.0434,0.0411,0.0093,0.00195,0.00317,0.00000,0.00000,0.00000,0.00000,0.00000,0.00000,0.00195,0.00220
786800,0.5379,0.5379,-7.0178,-6.7598,0.0132,0.0126,0.7785,0.0153,0.0138,0.7364,10.00,0.200,0.570,0.680,0.0413,0.0590,0.0076,0.00220,0.00220,0.00000,0.00000,0.00000,0.00000,0.00000,0.00000,0.00220,0.00122
787000,0.5379,0.5379,-7.0178,-6.7598,0.0107,0.0147,0.8882,0.0105,0.0156,0.8207,10.00,0.200,0.570,0.680,0.0384,0.0266,0.0125,0.00269,0.00513,0.00000,0.00000,0.00000,0.00000,0.00000,0.00000,0.00146,0.00317
787200,0.5379,0.5379,-6.9120,-6.7755,0.0251,0.0195,0.6842,0.0181,0.0094,0.7809,10.00,0.200,0.570,0.680,0.0374,0.0285,0.0115,0.00317,0.00317,0.00000,0.00000,0.00000,0.00000,0.00000,0.00000,0.00171,0.00342
787400,0.5379,0.5379,-6.9120,-6.7755,0.0120,0.0137,0.6997,0.0206,0.0136,0.8782,10.00,0.200,0.570,0.680,0.0391,0.0345,0.0112,0.00269,0.00342,0.00000,0.00000,0.00000,0.00000,0.00000,0.00000,0.00171,0.00342
787600,0.5379,0.5379,-6.9553,-6.8487,0.0140,0.0145,0.8320,0.0102,0.0130,0.8987,10.00,0.200,0.570,0.680,0.0356,0.0413,0.0112,0.00342,0.00342,0.00000,0.00000,0.00000,0.00000,0.00000,0.00000,0.00146,0.00293
787800,0.5379,0.5379,-6.9553,-6.8487,0.0157,0.0158,0.8311,0.0118,0.0121,0.8697,10.00,0.200,0.570,0.680,0.0412,0.0935,0.0068,0.00317,0.00024,0.00000,0.00000,0.00000,0.00000,0.00000,0.00000,0.00171,0.00171
788000,0.5379,0.5379,-6.9553,-6.8487,0.0159,0.0118,1.0373,0.0265,0.0157,0.6591,10.00,0.200,0.570,0.680,0.0461,0.0309,0.0093,0.00195,0.00317,0.00000,0.00000,0.00000,0.00000,0.00000,0.00000,0.00098,0.00317
788200,0.5379,0.5379,-7.0178,-6.6437,0.0119,0.0114,0.8899,0.0135,0.0201,0.7316,10.00,0.200,0.570,0.680,0.0528,0.0347,0.0095,0.00195,0.00415,0.00000,0.00000,0.00000,0.00000,0.00000,0.00000,0.00073,0.00269
788400,0.5379,0.5379,-7.0178,-6.6437,0.0153,0.0142,0.9547,0.0077,0.0132,0.7644,10.00,0.200,0.570,0.680,0.0538,0.0452,0.0078,0.00171,0.00269,0.00000,0.00000,0.00000,0.00000,0.00000,0.00000,0.00073,0.00269
788600,0.5379,0.5379,-6.8869,-6.8051,0.0179,0.0145,0.7819,0.0121,0.0172,0.7390,10.00,0.200,0.570,0.680,0.0404,0.0424,0.0098,0.00244,0.00342,0.00000,0.00000,0.00000,0.00000,0.00000,0.00000,0.00195,0.00195
788800,0.5379,0.5379,-6.8869,-6.8051,0.0063,0.0139,0.7947,0.0171,0.0129,0.9460,10.00,0.200,0.570,0.680,0.0331,0.0469,0.0076,0.00269,0.00244,0.00000,0.00000,0.00000,0.00000,0.00000,0.00000,0.00098,0.00146
789000,0.5379,0.5379,-6.8869,-6.8051,0.0127,0.0146,0.8846,0.0213,0.0183,0.6469,10.00,0.200,0.570,0.680,0.0375,0.0447,0.0103,0.00269,0.00293,0.00000,0.00000,0.00000,0.00000,0.00000,0.00000,0.00244,0.00220
789200,0.5379,0.5379,-7.0788,-6.6392,0.0113,0.0159,0.8069,0.0102,0.0161,0.7788,10.00,0.200,0.570,0.680,0.0302,0.0303,0.0127,0.00269,0.00415,0.00000,0.00000,0.00000,0.00000,0.00000,0.00000,0.00269,0.00317
789400,0.5379,0.5379,-7.0788,-6.6392,0.0119,0.0098,0.8824,0.0199,0.0208,0.7304,10.00,0.200,0.570,0.680,0.0445,0.0530,0.0078,0.00073,0.00171,0.00000,0.00000,0.00000,0.00000,0.00000,0.00000,0.00317,0.00220
789600,0.5379,0.5379,-7.0410,-6.8794,0.0181,0.0152,0.9902,0.0162,0.0217,0.8608,10.00,0.200,0.570,0.680,0.0572,0.0854,0.0073,0.00171,0.00171,0.00000,0.00000,0.00000,0.00000,0.00000,0.00000,0.00220,0.00195
789800,0.5379,0.5379,-7.0410,-6.8794,0.0117,0.0148,0.7785,0.0150,0.0144,0.6854,10.00,0.200,0.570,0.680,0.0249,0.0280,0.0120,0.00342,0.00391,0.00000,0.00000,0.00000,0.00000,0.00000,0.00000,0.00293,0.00195
790000,0.5379,0.5379,-7.0410,-6.8794,0.0174,0.0134,1.0854,0.0236,0.0359,0.6510,10.00,0.200,0.570,0.680,0.0360,0.0466,0.0107,0.00342,0.00415,0.00000,0.00000,0.00000,0.00000,0.00000,0.00000,0.00146,0.00171
790200,0.5379,0.5379,-7.0355,-6.7903,0.0149,0.0119,0.7475,0.0192,0.0116,0.5914,10.00,0.200,0.570,0.680,0.0320,0.0473,0.0100,0.00244,0.00244,0.00000,0.00000,0.00000,0.00000,0.00000,0.00000,0.00269,0.00244
790400,0.5379,0.5379,-7.0355,-6.7903,0.0107,0.0155,1.0863,0.0143,0.0139,0.7440,10.00,0.200,0.570,0.680,0.0421,0.0548,0.0088,0.00171,0.00293,0.00000,0.00000,0.00000,0.00000,0.00000,0.00000,0.00244,0.00171
790600,0.5379,0.5379,-6.9865,-6.8793,0.0105,0.0154,0.8849,0.0170,0.0145,0.8571,10.00,0.200,0.570,0.680,0.0417,0.0400,0.0100,0.00317,0.00366,0.00000,0.00000,0.00000,0.00000,0.00000,0.00000,0.00049,0.00269
790800,0.5379,0.5379,-6.9865,-6.8793,0.0144,0.0111,0.9350,0.0139,0.0098,0.7769,10.00,0.200,0.570,0.680,0.0351,0.0438,0.0107,0.00220,0.00269,0.00000,0.00000,0.00000,0.00000,0.00000,0.00000,0.00269,0.00317
791000,0.5379,0.5379,-6.9865,-6.8793,0.0174,0.0164,0.7781,0.0082,0.0126,0.6208,10.00,0.200,0.570,0.680,0.0459,0.0464,0.0081,0.00122,0.00269,0.00000,0.00000,0.00000,0.00000,0.00000,0.00000,0.00146,0.00269
791200,0.5379,0.5379,-7.0312,-6.8793,0.0097,0.0162,0.7456,0.0179,0.0160,0.9240,10.00,0.200,0.570,0.680,0.0410,0.0428,0.0110,0.00415,0.00195,0.00000,0.00000,0.00000,0.00000,0.00000,0.00000,0.00098,0.00391
791400,0.5379,0.5379,-7.0312,-6.8793,0.0101,0.0088,1.0691,0.0093,0.0171,0.8710,10.00,0.200,0.570,0.680,0.0567,0.0805,0.0061,0.00195,0.00098,0.00000,0.00000,0.00000,0.00000,0.00000,0.00000,0.00073,0.00244
791600,0.5379,0.5379,-7.1051,-6.7075,0.0196,0.0148,0.7016,0.0245,0.0126,0.6802,10.00,0.200,0.570,0.680,0.0352,0.0270,0.0125,0.00220,0.00537,0.00000,0.00000,0.00000,0.00000,0.00000,0.00000,0.00195,0.00293
791800,0.5379,0.5379,-7.1051,-6.7075,0.0181,0.0130,0.8953,0.0156,0.0139,0.8084,10.00,0.200,0.570,0.680,0.0495,0.0503,0.0076,0.00220,0.00244,0.00000,0.00000,0.00000,0.00000,0.00000,0.00000,0.00073,0.00220
792000,0.5379,0.5379,-7.1051,-6.7075,0.0103,0.0150,0.7972,0.0109,0.0111,0.7409,10.00,0.200,0.570,0.680,0.0401,0.0439,0.0093,0.00220,0.00220,0.00000,0.00000,0.00000,0.00000,0.00000,0.00000,0.00195,0.00293
792200,0.5379,0.5379,-6.8421,-6.8312,0.0092,0.0123,0.8539,0.0230,0.0210,0.7602,10.00,0.200,0.570,0.680,0.0466,0.0429,0.0098,0.00195,0.00220,0.00000,0.00000,0.00000,0.00000,0.00000,0.00000,0.00244,0.00317
792400,0.5379,0.5379,-6.8421,-6.8312,0.0115,0.0173,0.8220,0.0148,0.0144,0.6933,10.00,0.200,0.570,0.680,0.0426,0.0335,0.0098,0.00171,0.00293,0.00000,0.00000,0.00000,0.00000,0.00000,0.00000,0.00171,0.00342
792600,0.5379,0.5379,-6.9976,-6.8225,0.0156,0.0184,0.7263,0.0127,0.0148,0.7932,10.00,0.200,0.570,0.680,0.0483,0.0374,0.0095,0.00269,0.00293,0.00000,0.00000,0.00000,0.00000,0.00000,0.00000,0.00122,0.00269
792800,0.5379,0.5379,-6.9976,-6.8225,0.0089,0.0158,0.8832,0.0161,0.0107,0.7575,10.00,0.200,0.570,0.680,0.0420,0.0215,0.0129,0.00293,0.00537,0.00000,0.00000,0.00000,0.00000,0.00000,0.00000,0.00146,0.00317
793000,0.5379,0.5379,-6.9976,-6.8225,0.0181,0.0119,0.7850,0.0176,0.0183,0.7150,10.00,0.200,0.570,0.680,0.0456,0.0392,0.0098,0.00244,0.00366,0.00000,0.00000,0.00000,0.00000,0.00000,0.00000,0.00146,0.00220
793200,0.5379,0.5379,-6.8661,-6.8989,0.0130,0.0141,0.9853,0.0185,0.0164,0.6876,10.00,0.200,0.570,0.680,0.0735,0.0801,0.0034,0.00049,0.00122,0.00000,0.00000,0.00000,0.00000,0.00000,0.00000,0.00049,0.00122
793400,0.5379,0.5379,-6.8661,-6.8989,0.0144,0.0103,0.8623,0.0212,0.0129,0.6423,10.00,0.200,0.570,0.680,0.0411,0.0312,0.0112,0.00342,0.00220,0.00000,0.00000,0.00000,0.00000,0.00000,0.00000,0.00146,0.00415
793600,0.5379,0.5379,-6.8271,-6.7801,0.0100,0.0135,0.9841,0.0261,0.0195,0.7405,10.00,0.200,0.570,0.680,0.0433,0.0480,0.0081,0.00098,0.00220,0.00000,0.00000,0.00000,0.00000,0.00000,0.00000,0.00269,0.00220
793800,0.5379,0.5379,-6.8271,-6.7801,0.0107,0.0131,0.7731,0.0079,0.0093,0.7924,10.00,0.200,0.570,0.680,0.0479,0.0433,0.0083,0.00220,0.00342,0.00000,0.00000,0.00000,0.00000,0.00000,0.00000,0.00171,0.00098
794000,0.5379,0.5379,-6.8271,-6.7801,0.0204,0.0100,0.7795,0.0151,0.0157,0.8662,10.00,0.200,0.570,0.680,0.0336,0.0388,0.0125,0.00317,0.00391,0.00000,0.00000,0.00000,0.00000,0.00000,0.00000,0.00269,0.00269
794200,0.5379,0.5379,-6.9287,-6.7693,0.0156,0.0127,0.8705,0.0146,0.0191,0.7711,10.00,0.200,0.570,0.680,0.0372,0.0389,0.0110,0.00293,0.00269,0.00000,0.00000,0.00000,0.00000,0.00000,0.00000,0.00269,0.00269
794400,0.5379,0.5379,-6.9287,-6.7693,0.0096,0.0191,0.6668,0.0156,0.0148,0.5339,10.00,0.200,0.570,0.680,0.0401,0.0333,0.0098,0.00293,0.00366,0.00000,0.00000,0.00000,0.00000,0.00000,0.00000,0.00122,0.00195
794600,0.5379,0.5379,-6.9578,-6.7946,0.0079,0.0080,0.9150,0.0094,0.0279,0.7125,10.00,0.200,0.570,0.680,0.0449,0.0352,0.0105,0.00171,0.00439,0.00000,0.00000,0.00000,0.00000,0.00000,0.00000,0.00195,0.00244
794800,0.5379,0.5379,-6.9578,-6.7946,0.0139,0.0140,0.9927,0.0244,0.0214,0.7888,10.00,0.200,0.570,0.680,0.0446,0.0417,0.0095,0.00195,0.00293,0.00000,0.00000,0.00000,0.00000,0.00000,0.00000,0.00220,0.00244
795000,0.5379,0.5379,-6.9578,-6.7946,0.0111,0.0139,0.9254,0.0134,0.0204,0.7651,10.00,0.200,0.570,0.680,0.0549,0.0787,0.0071,0.00122,0.00146,0.00000,0.00000,0.00000,0.00000,0.00000,0.00000,0.00244,0.00195
795200,0.5379,0.5379,-7.0542,-6.6054,0.0139,0.0089,0.8027,0.0129,0.0152,0.7041,10.00,0.200,0.570,0.680,0.0477,0.0157,0.0100,0.00073,0.00415,0.00000,0.00024,0.00000,0.00000,0.00000,0.00000,0.00220,0.00269
795400,0.5379,0.5379,-7.0542,-6.6054,0.0190,0.0084,0.7949,0.0126,0.0174,0.7509,10.00,0.200,0.570,0.680,0.0452,0.0364,0.0103,0.00220,0.00317,0.00000,0.00000,0.00000,0.00000,0.00000,0.00000,0.00171,0.00317
795600,0.5379,0.5379,-6.8552,-6.9168,0.0129,0.0104,0.9594,0.0150,0.0163,0.6848,10.00,0.200,0.570,0.680,0.0464,0.0455,0.0093,0.00244,0.00293,0.00000,0.00000,0.00000,0.00000,0.00000,0.00000,0.00122,0.00269
795800,0.5379,0.5379,-6.8552,-6.9168,0.0151,0.0116,0.7006,0.0186,0.0124,0.5864,10.00,0.200,0.570,0.680,0.0416,0.0262,0.0090,0.00122,0.00269,0.00000,0.00000,0.00000,0.00000,0.00000,0.00000,0.00220,0.00293
796000,0.5379,0.5379,-6.8552,-6.9168,0.0194,0.0165,0.7827,0.0196,0.0161,0.6665,10.00,0.200,0.570,0.680,0.0348,0.0362,0.0112,0.00269,0.00415,0.00000,0.00000,0.00000,0.00000,0.00000,0.00000,0.00244,0.00220
796200,0.5379,0.5379,-6.8811,-6.9566,0.0146,0.0192,0.7645,0.0179,0.0135,0.8528,10.00,0.200,0.570,0.680,0.0379,0.0400,0.0100,0.00317,0.00293,0.00000,0.00000,0.00000,0.00000,0.00000,0.00000,0.00195,0.00220
796400,0.5379,0.5379,-6.8811,-6.9566,0.0057,0.0084,1.0096,0.0213,0.0148,0.6386,10.00,0.200,0.570,0.680,0.0498,0.0420,0.0085,0.00146,0.00317,0.00000,0.00000,0.00000,0.00000,0.00000,0.00000,0.00171,0.00220
796600,0.5379,0.5379,-6.9507,-6.7315,0.0111,0.0137,0.8419,0.0240,0.0139,0.6394,10.00,0.200,0.570,0.680,0.0402,0.0425,0.0100,0.00244,0.00244,0.00000,0.00000,0.00000,0.00000,0.00000,0.00000,0.00220,0.00293
796800,0.5379,0.5379,-6.9507,-6.7315,0.0180,0.0195,0.8222,0.0085,0.0178,0.9034,10.00,0.200,0.570,0.680,0.0618,0.0784,0.0044,0.00146,0.00049,0.00000,0.00000,0.00000,0.00000,0.00000,0.00000,0.00073,0.00171
797000,0.5379,0.5379,-6.9507,-6.7315,0.0168,0.0176,0.6755,0.0191,0.0179,0.7096,10.00,0.200,0.570,0.680,0.0264,0.0396,0.0120,0.00439,0.00391,0.00000,0.00000,0.00000,0.00000,0.00000,0.00000,0.00244,0.00171
797200,0.5379,0.5379,-6.8745,-6.9186,0.0125,0.0216,0.6894,0.0216,0.0140,0.7634,10.00,0.200,0.570,0.680,0.0490,0.0522,0.0071,0.00122,0.00220,0.00000,0.00000,0.00000,0.00000,0.00000,0.00000,0.00220,0.00146
797400,0.5379,0.5379,-6.8745,-6.9186,0.0126,0.0141,0.7385,0.0170,0.0143,0.8081,10.00,0.200,0.570,0.680,0.0416,0.0347,0.0095,0.00244,0.00317,0.00000,0.00000,0.00000,0.00000,0.00000,0.00000,0.00171,0.00220
797600,0.5379,0.5379,-6.9715,-6.9610,0.0163,0.0147,0.8445,0.0139,0.0091,0.6312,10.00,0.200,0.570,0.680,0.0401,0.0500,0.0093,0.00293,0.00220,0.00000,0.00000,0.00000,0.00000,0.00000,0.00000,0.00195,0.00220
797800,0.5379,0.5379,-6.9715,-6.9610,0.0140,0.0103,0.9341,0.0139,0.0138,0.8041,10.00,0.200,0.570,0.680,0.0304,0.0426,0.0098,0.00195,0.00073,0.00000,0.00024,0.00000,0.00000,0.00000,0.00000,0.00342,0.00342
798000,0.5379,0.5379,-6.9715,-6.9610,0.0120,0.0107,0.7533,0.0090,0.0143,0.8098,10.00,0.200,0.570,0.680,0.0295,0.0458,0.0110,0.00244,0.00244,0.00000,0.00000,0.00000,0.00000,0.00000,0.00000,0.00317,0.00293
798200,0.5379,0.5379,-7.0336,-6.7942,0.0156,0.0146,0.7459,0.0185,0.0118,0.5406,10.00,0.200,0.570,0.680,0.0350,0.0497,0.0100,0.00342,0.00317,0.00000,0.00000,0.00000,0.00000,0.00000,0.00000,0.00171,0.00195
798400,0.5379,0.5379,-7.0336,-6.7942,0.0195,0.0160,0.6924,0.0088,0.0228,0.7374,10.00,0.200,0.570,0.680,0.0330,0.0443,0.0103,0.00293,0.00269,0.00000,0.00000,0.00000,0.00000,0.00000,0.00000,0.00220,0.00244
798600,0.5379,0.5379,-6.9646,-6.7926,0.0156,0.0187,0.8039,0.0180,0.0252,0.7402,10.00,0.200,0.570,0.680,0.0436,0.0742,0.0066,0.00171,0.00171,0.00000,0.00000,0.00000,0.00000,0.00000,0.00000,0.00171,0.00146
798800,0.5379,0.5379,-6.9646,-6.7926,0.0088,0.0131,0.7324,0.0169,0.0172,0.6976,10.00,0.200,0.570,0.680,0.0317,0.0378,0.0100,0.00391,0.00195,0.00000,0.00000,0.00000,0.00000,0.00000,0.00000,0.00122,0.00317
799000,0.5379,0.5379,-6.9646,-6.7926,0.0140,0.0091,0.8184,0.0115,0.0146,0.7017,10.00,0.200,0.570,0.680,0.0391,0.0462,0.0112,0.00342,0.00366,0.00000,0.00000,0.00000,0.00000,0.00000,0.00000,0.00122,0.00293
799200,0.5379,0.5379,-6.7967,-6.9140,0.0064,0.0151,0.9195,0.0177,0.0138,0.8120,10.00,0.200,0.570,0.680,0.0593,0.0401,0.0081,0.00098,0.00391,0.00000,0.00000,0.00000,0.00000,0.00000,0.00000,0.00073,0.00244
799400,0.5379,0.5379,-6.7967,-6.9140,0.0108,0.0124,0.8292,0.0187,0.0196,0.7119,10.00,0.200,0.570,0.680,0.0421,0.0419,0.0093,0.00269,0.00146,0.00000,0.00000,0.00000,0.00000,0.00000,0.00000,0.00195,0.00317
799600,0.5379,0.5379,-7.0212,-6.8236,0.0157,0.0168,0.8536,0.0201,0.0156,0.7300,10.00,0.200,0.570,0.680,0.0480,0.0310,0.0100,0.00122,0.00366,0.00000,0.00000,0.00000,0.00000,0.00000,0.00000,0.00195,0.00317
799800,0.5379,0.5379,-7.0212,-6.8236,0.0177,0.0174,0.6907,0.0112,0.0126,0.8215,10.00,0.200,0.570,0.680,0.0360,0.0312,0.0127,0.00366,0.00464,0.00000,0.00000,0.00000,0.00000,0.00000,0.00000,0.00171,0.00269
800000,0.5379,0.5379,-7.0212,-6.8236,0.0129,0.0174,0.8251,0.0189,0.0181,0.8520,10.00,0.200,0.570,0.680,0.0489,0.0456,0.0095,0.00146,0.00391,0.00000,0.00000,0.00000,0.00000,0.00000,0.00000,0.00269,0.00146
800200,0.5379,0.5379,-6.7856,-6.7099,0.0116,0.0139,0.7532,0.0223,0.0121,0.6751,10.00,0.200,0.570,0.680,0.0537,0.0442,0.0076,0.00073,0.00171,0.00000,0.00000,0.00000,0.00000,0.00000,0.00000,0.00171,0.00342
800400,0.5379,0.5379,-6.7856,-6.7099,0.0068,0.0117,1.1368,0.0145,0.0205,0.6268,10.00,0.200,0.570,0.680,0.0469,0.0657,0.0078,0.00244,0.00171,0.00000,0.00000,0.00000,0.00000,0.00000,0.00000,0.00244,0.00122
800600,0.5379,0.5379,-6.9220,-6.6677,0.0155,0.0192,1.1504,0.0164,0.0144,0.6755,10.00,0.200,0.570,0.680,0.0423,0.0373,0.0100,0.00195,0.00293,0.00000,0.00000,0.00000,0.00000,0.00000,0.00000,0.00244,0.00269
800800,0.5379,0.5379,-6.9220,-6.6677,0.0197,0.0212,0.8667,0.0139,0.0137,0.7168,10.00,0.200,0.570,0.680,0.0464,0.0460,0.0085,0.00146,0.00391,0.00000,0.00000,0.00000,0.00000,0.00000,0.00000,0.00146,0.00171
801000,0.5379,0.5379,-6.9220,-6.6677,0.0112,0.0098,1.1719,0.0164,0.0117,0.8449,10.00,0.200,0.570,0.680,0.0332,0.0567,0.0093,0.00269,0.00195,0.00000,0.00000,0.00000,0.00000,0.00000,0.00000,0.00317,0.00146
801200,0.5379,0.5379,-7.0304,-6.7082,0.0169,0.0137,1.0116,0.0257,0.0167,0.6609,10.00,0.200,0.570,0.680,0.0482,0.0502,0.0078,0.00244,0.00195,0.00000,0.00000,0.00000,0.00000,0.00000,0.00000,0.00122,0.00220
801400,0.5379,0.5379,-7.0304,-6.7082,0.0143,0.0115,0.9374,0.0103,0.0138,0.7076,10.00,0.200,0.570,0.680,0.0326,0.0499,0.0088,0.00342,0.00122,0.00000,0.00000,0.00000,0.00000,0.00000,0.00000,0.00195,0.00220
801600,0.5379,0.5379,-7.0055,-6.9645,0.0142,0.0148,0.8712,0.0143,0.0167,0.6056,10.00,0.200,0.570,0.680,0.0382,0.0474,0.0085,0.00293,0.00171,0.00000,0.00000,0.00000,0.00000,0.00000,0.00000,0.00146,0.00244
801800,0.5379,0.5379,-7.0055,-6.9645,0.0156,0.0103,0.9108,0.0165,0.0232,0.5514,10.00,0.200,0.570,0.680,0.0493,0.0581,0.0073,0.00171,0.00171,0.00000,0.00000,0.00000,0.00000,0.00000,0.00000,0.00195,0.00195
802000,0.5379,0.5379,-7.0055,-6.9645,0.0126,0.0135,0.7644,0.0213,0.0179,0.5239,10.00,0.200,0.570,0.680,0.0328,0.0436,0.0093,0.00195,0.00366,0.00000,0.00000,0.00000,0.00000,0.00000,0.00000,0.00220,0.00146
802200,0.5379,0.5379,-6.9848,-6.7648,0.0168,0.0110,1.0805,0.0130,0.0124,0.7107,10.00,0.200,0.570,0.680,0.0608,0.0570,0.0063,0.00073,0.00244,0.00000,0.00000,0.00000,0.00000,0.00000,0.00000,0.00098,0.00220
802400,0.5379,0.5379,-6.9848,-6.7648,0.0210,0.0173,0.7829,0.0133,0.0167,0.6600,10.00,0.200,0.570,0.680,0.0439,0.0380,0.0085,0.00244,0.00317,0.00000,0.00000,0.00000,0.00000,0.00000,0.00000,0.00122,0.00171
802600,0.5379,0.5379,-7.0738,-6.7374,0.0110,0.0109,1.0186,0.0144,0.0160,0.6959,10.00,0.200,0.570,0.680,0.0319,0.0442,0.0103,0.00195,0.00317,0.00000,0.00000,0.00000,0.00000,0.00000,0.00000,0.00342,0.00171
802800,0.5379,0.5379,-7.0738,-6.7374,0.0178,0.0166,0.8382,0.0151,0.0137,0.6657,10.00,0.200,0.570,0.680,0.0436,0.0525,0.0083,0.00220,0.00317,0.00000,0.00000,0.00000,0.00000,0.00000,0.00000,0.00171,0.00122
803000,0.5379,0.5379,-7.0738,-6.7374,0.0144,0.0153,0.7213,0.0123,0.0157,0.7056,10.00,0.200,0.570,0.680,0.0437,0.0460,0.0088,0.00269,0.00317,0.00000,0.00000,0.00000,0.00000,0.00000,0.00000,0.00122,0.00171
803200,0.5379,0.5379,-6.9729,-6.8584,0.0150,0.0091,0.9460,0.0318,0.0197,0.6235,10.00,0.200,0.570,0.680,0.0440,0.0503,0.0073,0.00146,0.00244,0.00000,0.00000,0.00000,0.00000,0.00000,0.00000,0.00171,0.00171
803400,0.5379,0.5379,-6.9729,-6.8584,0.0134,0.0114,1.0715,0.0091,0.0201,0.7174,10.00,0.200,0.570,0.680,0.0350,0.0461,0.0105,0.00293,0.00342,0.00000,0.00000,0.00000,0.00000,0.00000,0.00000,0.00220,0.00195
803600,0.5379,0.5379,-7.0030,-6.8206,0.0126,0.0131,1.0230,0.0128,0.0157,0.7639,10.00,0.200,0.570,0.680,0.0330,0.0383,0.0122,0.00342,0.00464,0.00000,0.00000,0.00000,0.00000,0.00000,0.00000,0.00171,0.00244
803800,0.5379,0.5379,-7.0030,-6.8206,0.0102,0.0110,0.9220,0.0096,0.0093,0.7824,10.00,0.200,0.570,0.680,0.0351,0.0505,0.0095,0.00366,0.00244,0.00000,0.00000,0.00000,0.00000,0.00000,0.00000,0.00146,0.00195
804000,0.5379,0.5379,-7.0030,-6.8206,0.0114,0.0117,1.1091,0.0146,0.0135,0.8143,10.00,0.200,0.570,0.680,0.0523,0.0620,0.0061,0.00098,0.00195,0.00000,0.00000,0.00000,0.00000,0.00000,0.00000,0.00122,0.00195
804200,0.5379,0.5379,-7.0539,-6.7613,0.0128,0.0137,0.8550,0.0193,0.0147,0.8963,10.00,0.200,0.570,0.680,0.0276,0.0520,0.0100,0.00293,0.00293,0.00000,0.00000,0.00000,0.00000,0.00000,0.00000,0.00269,0.00146
804400,0.5379,0.5379,-7.0539,-6.7613,0.0161,0.0146,0.8833,0.0353,0.0193,0.7010,10.00,0.200,0.570,0.680,0.0471,0.0557,0.0081,0.00220,0.00244,0.00000,0.00000,0.00000,0.00000,0.00000,0.00000,0.00122,0.00220
804600,0.5379,0.5379,-6.9296,-6.6453,0.0149,0.0123,0.8458,0.0182,0.0175,0.6368,10.00,0.200,0.570,0.680,0.0357,0.0405,0.0120,0.00317,0.00317,0.00000,0.00000,0.00000,0.00000,0.00000,0.00000,0.00293,0.00269
804800,0.5379,0.5379,-6.9296,-6.6453,0.0171,0.0119,0.7182,0.0148,0.0159,0.6567,10.00,0.200,0.570,0.680,0.0406,0.0473,0.0090,0.00269,0.00269,0.00000,0.00000,0.00000,0.00000,0.00000,0.00000,0.00146,0.00220
805000,0.5379,0.5379,-6.9296,-6.6453,0.0116,0.0118,0.8924,0.0143,0.0167,0.8732,10.00,0.200,0.570,0.680,0.0392,0.0440,0.0083,0.00293,0.00195,0.00000,0.00000,0.00000,0.00000,0.00000,0.00000,0.00122,0.00220
805200,0.5379,0.5379,-7.0259,-6.9808,0.0116,0.0081,0.9998,0.0204,0.0149,0.7728,10.00,0.200,0.570,0.680,0.0398,0.0554,0.0073,0.00195,0.00220,0.00000,0.00000,0.00000,0.00000,0.00000,0.00000,0.00171,0.00146
805400,0.5379,0.5379,-7.0259,-6.9808,0.0163,0.0200,0.7900,0.0255,0.0132,0.5920,10.00,0.200,0.570,0.680,0.0372,0.0242,0.0137,0.00317,0.00537,0.00000,0.00000,0.00000,0.00000,0.00000,0.00000,0.00195,0.00317
805600,0.5379,0.5379,-7.0253,-6.8101,0.0119,0.0132,0.9265,0.0167,0.0201,0.6500,10.00,0.200,0.570,0.680,0.0184,0.0486,0.0103,0.00293,0.00220,0.00000,0.00000,0.00000,0.00000,0.00000,0.00000,0.00293,0.00244
805800,0.5379,0.5379,-7.0253,-6.8101,0.0130,0.0135,0.7369,0.0118,0.0156,0.7784,10.00,0.200,0.570,0.680,0.0355,0.0517,0.0093,0.00195,0.00317,0.00000,0.00000,0.00000,0.00000,0.00000,0.00000,0.00244,0.00171
806000,0.5379,0.5379,-7.0253,-6.8101,0.0134,0.0178,0.6215,0.0141,0.0148,0.6671,10.00,0.200,0.570,0.680,0.0312,0.0335,0.0125,0.00244,0.00342,0.00000,0.00000,0.00000,0.00000,0.00000,0.00000,0.00391,0.00269
806200,0.5379,0.5379,-6.9035,-6.9075,0.0126,0.0146,0.7788,0.0200,0.0137,0.5717,10.00,0.200,0.570,0.680,0.0462,0.0359,0.0100,0.00269,0.00439,0.00000,0.00000,0.00000,0.00000,0.00000,0.00000,0.00146,0.00146
806400,0.5379,0.5379,-6.9035,-6.9075,0.0128,0.0148,0.7913,0.0089,0.0151,0.7127,10.00,0.200,0.570,0.680,0.0445,0.0541,0.0078,0.00269,0.00244,0.00000,0.00000,0.00000,0.00000,0.00000,0.00000,0.00146,0.00122
806600,0.5379,0.5379,-6.9266,-6.8419,0.0141,0.0117,0.9942,0.0121,0.0201,0.7144,10.00,0.200,0.570,0.680,0.0516,0.0524,0.0066,0.00244,0.00146,0.00000,0.00000,0.00000,0.00000,0.00000,0.00000,0.00049,0.00220
806800,0.5379,0.5379,-6.9266,-6.8419,0.0157,0.0109,0.8788,0.0113,0.0154,0.8397,10.00,0.200,0.570,0.680,0.0331,0.0478,0.0100,0.00293,0.00269,0.00000,0.00000,0.00000,0.00000,0.00000,0.00000,0.00195,0.00244
807000,0.5379,0.5379,-6.9266,-6.8419,0.0148,0.0211,0.9586,0.0268,0.0174,0.6768,10.00,0.200,0.570,0.680,0.0461,0.0478,0.0090,0.00293,0.00317,0.00000,0.00000,0.00000,0.00000,0.00000,0.00000,0.00098,0.00195
807200,0.5379,0.5379,-7.0165,-6.8497,0.0181,0.0185,0.8943,0.0148,0.0156,0.6415,10.00,0.200,0.570,0.680,0.0336,0.0421,0.0120,0.00391,0.00317,0.00000,0.00000,0.00000,0.00000,0.00000,0.00000,0.00171,0.00317
807400,0.5379,0.5379,-7.0165,-6.8497,0.0156,0.0129,0.9251,0.0156,0.0142,0.6988,10.00,0.200,0.570,0.680,0.0308,0.0456,0.0093,0.00293,0.00122,0.00000,0.00000,0.00000,0.00000,0.00000,0.00000,0.00293,0.00244
807600,0.5379,0.5379,-6.8793,-6.8344,0.0117,0.0158,0.8548,0.0126,0.0136,0.7156,10.00,0.200,0.570,0.680,0.0464,0.0504,0.0081,0.00171,0.00171,0.00000,0.00000,0.00000,0.00000,0.00000,0.00000,0.00171,0.00293
807800,0.5379,0.5379,-6.8793,-6.8344,0.0144,0.0209,0.7478,0.0204,0.0144,0.8615,10.00,0.200,0.570,0.680,0.0463,0.0319,0.0098,0.00244,0.00464,0.00000,0.00000,0.00000,0.00000,0.00000,0.00000,0.00073,0.00195
808000,0.5379,0.5379,-6.8793,-6.8344,0.0141,0.0128,0.6921,0.0181,0.0179,0.5495,10.00,0.200,0.570,0.680,0.0456,0.0442,0.0093,0.00220,0.00342,0.00000,0.00000,0.00000,0.00000,0.00000,0.00000,0.00146,0.00220
808200,0.5379,0.5379,-6.9328,-6.8374,0.0119,0.0143,0.8618,0.0151,0.0088,0.6654,10.00,0.200,0.570,0.680,0.0402,0.0498,0.0093,0.00391,0.00293,0.00000,0.00000,0.00000,0.00000,0.00000,0.00000,0.00098,0.00146
808400,0.5379,0.5379,-6.9328,-6.8374,0.0198,0.0194,0.7988,0.0151,0.0265,0.7597,10.00,0.200,0.570,0.680,0.0333,0.0398,0.0112,0.00269,0.00439,0.00000,0.00000,0.00000,0.00000,0.00000,0.00000,0.00293,0.00122
808600,0.5379,0.5379,-7.0066,-6.7843,0.0187,0.0098,1.0043,0.0159,0.0126,0.6777,10.00,0.200,0.570,0.680,0.0405,0.0444,0.0095,0.00317,0.00244,0.00000,0.00000,0.00000,0.00000,0.00000,0.00000,0.00146,0.00244
808800,0.5379,0.5379,-7.0066,-6.7843,0.0106,0.0130,1.0180,0.0233,0.0135,0.6460,10.00,0.200,0.570,0.680,0.0369,0.0505,0.0085,0.00244,0.00195,0.00000,0.00000,0.00000,0.00000,0.00000,0.00000,0.00195,0.00220
809000,0.5379,0.5379,-7.0066,-6.7843,0.0146,0.0119,0.9602,0.0102,0.0133,0.7217,10.00,0.200,0.570,0.680,0.0397,0.0475,0.0103,0.00220,0.00269,0.00000,0.00000,0.00000,0.00000,0.00000,0.00000,0.00293,0.00244
809200,0.5379,0.5379,-6.9196,-6.8111,0.0142,0.0142,0.8680,0.0175,0.0151,0.7720,10.00,0.200,0.570,0.680,0.0310,0.0432,0.0098,0.00244,0.00342,0.00000,0.00000,0.00000,0.00000,0.00000,0.00000,0.00220,0.00171
809400,0.5379,0.5379,-6.9196,-6.8111,0.0106,0.0110,1.0218,0.0141,0.0172,0.6895,10.00,0.200,0.570,0.680,0.0382,0.0562,0.0081,0.00220,0.00269,0.00000,0.00000,0.00000,0.00000,0.00000,0.00000,0.00195,0.00146
809600,0.5379,0.5379,-7.0189,-6.7768,0.0127,0.0165,1.0010,0.0121,0.0176,0.8070,10.00,0.200,0.570,0.680,0.0354,0.0215,0.0117,0.00415,0.00342,0.00000,0.00000,0.00000,0.00000,0.00000,0.00000,0.00122,0.00293
809800,0.5379,0.5379,-7.0189,-6.7768,0.0131,0.0151,0.8536,0.0135,0.0147,0.6747,10.00,0.200,0.570,0.680,0.0375,0.0438,0.0112,0.00366,0.00317,0.00000,0.00000,0.00000,0.00000,0.00000,0.00000,0.00171,0.00269
810000,0.5379,0.5379,-7.0189,-6.7768,0.0154,0.0131,0.7895,0.0153,0.0135,0.7609,10.00,0.200,0.570,0.680,0.0482,0.0490,0.0078,0.00171,0.00220,0.00000,0.00000,0.00000,0.00000,0.00000,0.00000,0.00195,0.00195
810200,0.5379,0.5379,-6.8098,-6.9457,0.0077,0.0146,0.8913,0.0141,0.0105,0.6470,10.00,0.200,0.570,0.680,0.0361,0.0426,0.0112,0.00317,0.00269,0.00000,0.00000,0.00000,0.00000,0.00000,0.00000,0.00244,0.00317
810400,0.5379,0.5379,-6.8098,-6.9457,0.0252,0.0212,0.9768,0.0133,0.0189,0.5557,10.00,0.200,0.570,0.680,0.0481,0.0537,0.0073,0.00171,0.00195,0.00000,0.00000,0.00000,0.00000,0.00000,0.00000,0.00122,0.00244
810600,0.5379,0.5379,-6.9319,-6.7712,0.0118,0.0106,0.8810,0.0178,0.0128,0.6771,10.00,0.200,0.570,0.680,0.0318,0.0444,0.0120,0.00342,0.00415,0.00000,0.00000,0.00000,0.00000,0.00000,0.00000,0.00269,0.00171
810800,0.5379,0.5379,-6.9319,-6.7712,0.0149,0.0195,0.7990,0.0190,0.0163,0.8426,10.00,0.200,0.570,0.680,0.0409,0.0549,0.0085,0.00244,0.00269,0.00000,0.00000,0.00000,0.00000,0.00000,0.00000,0.00244,0.00098
811000,0.5379,0.5379,-6.9319,-6.7712,0.0162,0.0165,0.8453,0.0186,0.0157,0.5822,10.00,0.200,0.570,0.680,0.0388,0.0417,0.0098,0.00293,0.00391,0.00000,0.00000,0.00000,0.00000,0.00000,0.00000,0.00171,0.00146
811200,0.5379,0.5379,-6.9036,-6.8114,0.0120,0.0140,1.1100,0.0103,0.0230,0.6605,10.00,0.200,0.570,0.680,0.0478,0.0537,0.0073,0.00146,0.00220,0.00000,0.00000,0.00000,0.00000,0.00000,0.00000,0.00146,0.00220
811400,0.5379,0.5379,-6.9036,-6.8114,0.0165,0.0147,0.9558,0.0138,0.0140,0.7500,10.00,0.200,0.570,0.680,0.0326,0.0424,0.0098,0.00244,0.00244,0.00000,0.00000,0.00000,0.00000,0.00000,0.00000,0.00244,0.00244
811600,0.5379,0.5379,-6.9551,-6.7397,0.0126,0.0125,1.0487,0.0164,0.0099,0.8340,10.00,0.200,0.570,0.680,0.0359,0.0443,0.0095,0.00293,0.00293,0.00000,0.00000,0.00000,0.00000,0.00000,0.00000,0.00195,0.00171
811800,0.5379,0.5379,-6.9551,-6.7397,0.0095,0.0170,0.7667,0.0222,0.0162,0.9059,10.00,0.200,0.570,0.680,0.0302,0.0511,0.0098,0.00366,0.00269,0.00000,0.00000,0.00000,0.00000,0.00000,0.00000,0.00195,0.00171
812000,0.5379,0.5379,-6.9551,-6.7397,0.0079,0.0125,0.9138,0.0115,0.0210,0.6097,10.00,0.200,0.570,0.680,0.0236,0.0568,0.0093,0.00366,0.00171,0.00000,0.00000,0.00000,0.00000,0.00000,0.00000,0.00244,0.00146
812200,0.5379,0.5379,-6.8316,-6.6703,0.0141,0.0187,0.7364,0.0132,0.0147,0.6264,10.00,0.200,0.570,0.680,0.0402,0.0326,0.0100,0.00244,0.00317,0.00000,0.00000,0.00000,0.00000,0.00000,0.00000,0.00122,0.00317
812400,0.5379,0.5379,-6.8316,-6.6703,0.0125,0.0127,0.9770,0.0220,0.0119,0.6582,10.00,0.200,0.570,0.680,0.0306,0.0381,0.0112,0.00391,0.00317,0.00000,0.00000,0.00000,0.00000,0.00000,0.00000,0.00171,0.00244
812600,0.5379,0.5379,-6.9460,-6.9233,0.0157,0.0089,0.8395,0.0174,0.0195,0.6164,10.00,0.200,0.570,0.680,0.0371,0.0486,0.0103,0.00293,0.00366,0.00000,0.00000,0.00000,0.00000,0.00000,0.00000,0.00244,0.00122
812800,0.5379,0.5379,-6.9460,-6.9233,0.0161,0.0132,0.8967,0.0146,0.0178,0.6541,10.00,0.200,0.570,0.680,0.0480,0.0402,0.0093,0.00146,0.00342,0.00000,0.00000,0.00000,0.00000,0.00000,0.00000,0.00195,0.00244
813000,0.5379,0.5379,-6.9460,-6.9233,0.0154,0.0124,1.0354,0.0077,0.0158,0.6936,10.00,0.200,0.570,0.680,0.0441,0.0500,0.0081,0.00244,0.00195,0.00000,0.00000,0.00000,0.00000,0.00000,0.00000,0.00146,0.00220
813200,0.5379,0.5379,-6.9450,-6.7842,0.0154,0.0156,0.8244,0.0103,0.0156,0.6098,10.00,0.200,0.570,0.680,0.0338,0.0347,0.0132,0.00439,0.00415,0.00000,0.00000,0.00000,0.00000,0.00000,0.00000,0.00171,0.00317
813400,0.5379,0.5379,-6.9450,-6.7842,0.0117,0.0165,0.8881,0.0159,0.0134,0.7346,10.00,0.200,0.570,0.680,0.0535,0.0425,0.0090,0.00220,0.00366,0.00000,0.00000,0.00000,0.00000,0.00000,0.00000,0.00049,0.00269
813600,0.5379,0.5379,-6.9285,-6.7610,0.0161,0.0114,0.9122,0.0181,0.0140,0.6527,10.00,0.200,0.570,0.680,0.0434,0.0571,0.0073,0.00293,0.00122,0.00000,0.00000,0.00000,0.00000,0.00000,0.00000,0.00146,0.00171
813800,0.5379,0.5379,-6.9285,-6.7610,0.0097,0.0161,0.7464,0.0181,0.0193,0.6564,10.00,0.200,0.570,0.680,0.0426,0.0453,0.0093,0.00146,0.00293,0.00000,0.00000,0.00000,0.00000,0.00000,0.00000,0.00220,0.00269
814000,0.5379,0.5379,-6.9285,-6.7610,0.0238,0.0161,0.8135,0.0166,0.0152,0.6378,10.00,0.200,0.570,0.680,0.0360,0.0250,0.0117,0.00293,0.00317,0.00000,0.00000,0.00000,0.00000,0.00000,0.00000,0.00171,0.00391
814200,0.5379,0.5379,-7.0150,-6.8911,0.0178,0.0135,0.7628,0.0171,0.0158,0.6863,10.00,0.200,0.570,0.680,0.0343,0.0472,0.0100,0.00391,0.00293,0.00000,0.00000,0.00000,0.00000,0.00000,0.00000,0.00171,0.00146
814400,0.5379,0.5379,-7.0150,-6.8911,0.0111,0.0231,0.8268,0.0129,0.0156,0.6835,10.00,0.200,0.570,0.680,0.0545,0.0391,0.0071,0.00049,0.00293,0.00000,0.00000,0.00000,0.00000,0.00000,0.00000,0.00171,0.00195
814600,0.5379,0.5379,-6.9716,-6.8659,0.0170,0.0101,0.8974,0.0145,0.0156,0.6163,10.00,0.200,0.570,0.680,0.0439,0.0376,0.0095,0.00317,0.00317,0.00000,0.00000,0.00000,0.00000,0.00000,0.00000,0.00146,0.00171
814800,0.5379,0.5379,-6.9716,-6.8659,0.0097,0.0112,0.9641,0.0200,0.0159,0.8311,10.00,0.200,0.570,0.680,0.0452,0.0500,0.0073,0.00293,0.00220,0.00000,0.00000,0.00000,0.00000,0.00000,0.00000,0.00073,0.00146
815000,0.5379,0.5379,-6.9716,-6.8659,0.0159,0.0107,1.0154,0.0161,0.0118,0.7327,10.00,0.200,0.570,0.680,0.0299,0.0308,0.0112,0.00244,0.00391,0.00000,0.00000,0.00000,0.00000,0.00000,0.00000,0.00293,0.00195
815200,0.5379,0.5379,-6.8993,-6.8225,0.0158,0.0111,0.8777,0.0130,0.0151,0.8050,10.00,0.200,0.570,0.680,0.0524,0.0503,0.0083,0.00220,0.00293,0.00000,0.00000,0.00000,0.00000,0.00000,0.00000,0.00073,0.00244
815400,0.5379,0.5379,-6.8993,-6.8225,0.0124,0.0121,0.8972,0.0095,0.0146,0.8504,10.00,0.200,0.570,0.680,0.0459,0.0516,0.0061,0.00171,0.00195,0.00000,0.00000,0.00000,0.00000,0.00000,0.00000,0.00122,0.00122
815600,0.5379,0.5379,-6.9703,-6.7988,0.0138,0.0138,0.7423,0.0129,0.0155,0.8540,10.00,0.200,0.570,0.680,0.0509,0.0304,0.0085,0.00146,0.00342,0.00000,0.00000,0.00000,0.00000,0.00000,0.00000,0.00146,0.00220
815800,0.5379,0.5379,-6.9703,-6.7988,0.0208,0.0146,0.7799,0.0148,0.0191,0.8529,10.00,0.200,0.570,0.680,0.0518,0.0341,0.0076,0.00146,0.00342,0.00000,0.00000,0.00000,0.00000,0.00000,0.00000,0.00073,0.00195
816000,0.5379,0.5379,-6.9703,-6.7988,0.0113,0.0144,0.7941,0.0123,0.0134,0.6221,10.00,0.200,0.570,0.680,0.0319,0.0329,0.0134,0.00366,0.00464,0.00000,0.00000,0.00000,0.00000,0.00000,0.00000,0.00244,0.00269
816200,0.5379,0.5379,-7.0005,-6.8663,0.0146,0.0147,0.7847,0.0083,0.0150,0.7848,10.00,0.200,0.570,0.680,0.0364,0.0187,0.0125,0.00244,0.00513,0.00000,0.00000,0.00000,0.00000,0.00000,0.00000,0.00171,0.00317
816400,0.5379,0.5379,-7.0005,-6.8663,0.0151,0.0123,0.7831,0.0107,0.0140,0.8176,10.00,0.200,0.570,0.680,0.0251,0.0349,0.0129,0.00391,0.00317,0.00000,0.00000,0.00000,0.00000,0.00000,0.00000,0.00244,0.00366
816600,0.5379,0.5379,-6.9675,-6.9547,0.0125,0.0109,0.8232,0.0129,0.0124,0.6875,10.00,0.200,0.570,0.680,0.0432,0.0342,0.0098,0.00171,0.00415,0.00000,0.00000,0.00000,0.00000,0.00000,0.00000,0.00122,0.00269
816800,0.5379,0.5379,-6.9675,-6.9547,0.0144,0.0126,0.8209,0.0184,0.0149,0.7799,10.00,0.200,0.570,0.680,0.0326,0.0312,0.0120,0.00317,0.00342,0.00000,0.00000,0.00000,0.00000,0.00000,0.00000,0.00244,0.00293
817000,0.5379,0.5379,-6.9675,-6.9547,0.0125,0.0164,0.7190,0.0109,0.0206,0.8068,10.00,0.200,0.570,0.680,0.0428,0.0377,0.0107,0.00220,0.00269,0.00000,0.00000,0.00000,0.00000,0.00000,0.00000,0.00220,0.00366
817200,0.5379,0.5379,-7.0481,-6.8779,0.0138,0.0181,0.9648,0.0143,0.0162,0.9487,10.00,0.200,0.570,0.680,0.0344,0.0404,0.0110,0.00293,0.00366,0.00000,0.00000,0.00000,0.00000,0.00000,0.00000,0.00244,0.00195
817400,0.5379,0.5379,-7.0481,-6.8779,0.0154,0.0126,1.0664,0.0125,0.0126,0.6719,10.00,0.200,0.570,0.680,0.0384,0.0449,0.0090,0.00244,0.00317,0.00000,0.00000,0.00000,0.00000,0.00000,0.00000,0.00220,0.00122
817600,0.5379,0.5379,-6.8445,-6.8256,0.0099,0.0115,0.9096,0.0131,0.0111,0.7373,10.00,0.200,0.570,0.680,0.0303,0.0449,0.0105,0.00244,0.00366,0.00000,0.00000,0.00000,0.00000,0.00000,0.00000,0.00220,0.00244
817800,0.5379,0.5379,-6.8445,-6.8256,0.0108,0.0130,0.9715,0.0159,0.0137,0.7874,10.00,0.200,0.570,0.680,0.0426,0.0406,0.0105,0.00293,0.00439,0.00000,0.00000,0.00000,0.00000,0.00000,0.00000,0.00098,0.00220
818000,0.5379,0.5379,-6.8445,-6.8256,0.0133,0.0123,0.7191,0.0143,0.0153,0.7238,10.00,0.200,0.570,0.680,0.0435,0.0462,0.0093,0.00269,0.00244,0.00000,0.00000,0.00000,0.00000,0.00000,0.00000,0.00146,0.00269
818200,0.5379,0.5379,-7.0900,-6.8362,0.0108,0.0185,0.9695,0.0163,0.0160,1.0284,10.00,0.200,0.570,0.680,0.0453,0.0499,0.0090,0.00220,0.00269,0.00000,0.00000,0.00000,0.00000,0.00000,0.00000,0.00244,0.00195
818400,0.5379,0.5379,-7.0900,-6.8362,0.0124,0.0126,0.8610,0.0123,0.0145,0.5736,10.00,0.200,0.570,0.680,0.0411,0.0574,0.0078,0.00195,0.00195,0.00000,0.00000,0.00000,0.00000,0.00000,0.00000,0.00195,0.00195
818600,0.5379,0.5379,-7.0749,-6.9573,0.0140,0.0119,1.0261,0.0192,0.0214,0.6046,10.00,0.200,0.570,0.680,0.0232,0.0449,0.0112,0.00220,0.00220,0.00000,0.00000,0.00000,0.00000,0.00000,0.00000,0.00317,0.00366
818800,0.5379,0.5379,-7.0749,-6.9573,0.0129,0.0100,0.9171,0.0082,0.0163,0.8016,10.00,0.200,0.570,0.680,0.0479,0.0570,0.0076,0.00195,0.00171,0.00000,0.00000,0.00000,0.00000,0.00000,0.00000,0.00146,0.00244
819000,0.5379,0.5379,-7.0749,-6.9573,0.0168,0.0090,0.7667,0.0153,0.0142,0.7140,10.00,0.200,0.570,0.680,0.0366,0.0555,0.0088,0.00195,0.00195,0.00000,0.00000,0.00000,0.00000,0.00000,0.00000,0.00342,0.00146
819200,0.5379,0.5379,-6.9348,-6.8184,0.0089,0.0124,0.8433,0.0173,0.0147,0.8813,10.00,0.200,0.570,0.680,0.0477,0.0478,0.0085,0.00244,0.00317,0.00000,0.00000,0.00000,0.00000,0.00000,0.00000,0.00122,0.00171
819400,0.5379,0.5379,-6.9348,-6.8184,0.0097,0.0115,0.9811,0.0171,0.0213,0.6641,10.00,0.200,0.570,0.680,0.0326,0.0478,0.0105,0.00269,0.00220,0.00000,0.00000,0.00000,0.00000,0.00000,0.00000,0.00317,0.00269
819600,0.5379,0.5379,-6.9691,-6.9738,0.0114,0.0177,0.9546,0.0103,0.0266,0.7349,10.00,0.200,0.570,0.680,0.0296,0.0398,0.0127,0.00488,0.00439,0.00000,0.00000,0.00000,0.00000,0.00000,0.00000,0.00098,0.00244
819800,0.5379,0.5379,-6.9691,-6.9738,0.0196,0.0188,0.7003,0.0143,0.0133,0.6869,10.00,0.200,0.570,0.680,0.0533,0.0459,0.0088,0.00195,0.00439,0.00000,0.00000,0.00000,0.00000,0.00000,0.00000,0.00073,0.00171
820000,0.5379,0.5379,-6.9691,-6.9738,0.0102,0.0081,0.9770,0.0125,0.0177,0.5587,10.00,0.200,0.570,0.680,0.0322,0.0427,0.0095,0.00293,0.00220,0.00000,0.00000,0.00000,0.00000,0.00000,0.00000,0.00195,0.00244
820200,0.5379,0.5379,-7.0346,-6.7916,0.0126,0.0143,0.9255,0.0199,0.0201,0.6414,10.00,0.200,0.570,0.680,0.0424,0.0445,0.0085,0.00366,0.00220,0.00000,0.00000,0.00000,0.00000,0.00000,0.00000,0.00098,0.00171
820400,0.5379,0.5379,-7.0346,-6.7916,0.0156,0.0135,1.2776,0.0165,0.0141,0.6238,10.00,0.200,0.570,0.680,0.0335,0.0307,0.0125,0.00366,0.00464,0.00000,0.00000,0.00000,0.00000,0.00000,0.00000,0.00220,0.00195
820600,0.5379,0.5379,-7.0273,-6.7885,0.0124,0.0134,0.8766,0.0083,0.0154,0.7459,10.00,0.200,0.570,0.680,0.0396,0.0404,0.0107,0.00244,0.00293,0.00000,0.00000,0.00000,0.00000,0.00000,0.00000,0.00220,0.00317
820800,0.5379,0.5379,-7.0273,-6.7885,0.0116,0.0215,0.7875,0.0147,0.0147,0.6663,10.00,0.200,0.570,0.680,0.0515,0.0436,0.0083,0.00098,0.00366,0.00000,0.00000,0.00000,0.00000,0.00000,0.00000,0.00146,0.00220
821000,0.5379,0.5379,-7.0273,-6.7885,0.0261,0.0118,0.8697,0.0129,0.0135,0.8660,10.00,0.200,0.570,0.680,0.0416,0.0479,0.0088,0.00293,0.00220,0.00000,0.00000,0.00000,0.00000,0.00000,0.00000,0.00171,0.00220
821200,0.5379,0.5379,-7.0525,-6.8329,0.0150,0.0132,0.8348,0.0174,0.0219,0.6364,10.00,0.200,0.570,0.680,0.0348,0.0504,0.0093,0.00171,0.00269,0.00000,0.00000,0.00000,0.00000,0.00000,0.00000,0.00342,0.00146
821400,0.5379,0.5379,-7.0525,-6.8329,0.0120,0.0118,0.8904,0.0121,0.0179,0.6686,10.00,0.200,0.570,0.680,0.0465,0.0215,0.0090,0.00269,0.00220,0.00000,0.00000,0.00000,0.00000,0.00000,0.00000,0.00098,0.00317
821600,0.5379,0.5379,-7.0622,-6.9293,0.0178,0.0140,0.7314,0.0081,0.0150,0.6963,10.00,0.200,0.570,0.680,0.0447,0.0504,0.0083,0.00195,0.00269,0.00000,0.00000,0.00000,0.00000,0.00000,0.00000,0.00220,0.00146
821800,0.5379,0.5379,-7.0622,-6.9293,0.0123,0.0107,0.8114,0.0232,0.0133,0.6049,10.00,0.200,0.570,0.680,0.0367,0.0529,0.0085,0.00244,0.00220,0.00000,0.00000,0.00000,0.00000,0.00000,0.00000,0.00244,0.00146
822000,0.5379,0.5379,-7.0622,-6.9293,0.0113,0.0149,0.9303,0.0152,0.0177,0.7137,10.00,0.200,0.570,0.680,0.0512,0.0382,0.0073,0.00122,0.00293,0.00000,0.00000,0.00000,0.00000,0.00000,0.00000,0.00171,0.00146
822200,0.5379,0.5379,-6.9411,-6.8857,0.0093,0.0101,0.8082,0.0111,0.0177,0.8635,10.00,0.200,0.570,0.680,0.0420,0.0258,0.0132,0.00269,0.00537,0.00000,0.00000,0.00000,0.00000,0.00000,0.00000,0.00146,0.00366
822400,0.5379,0.5379,-6.9411,-6.8857,0.0150,0.0122,0.7000,0.0133,0.0158,0.6475,10.00,0.200,0.570,0.680,0.0252,0.0321,0.0127,0.00244,0.00269,0.00000,0.00000,0.00000,0.00000,0.00000,0.00000,0.00391,0.00366
822600,0.5379,0.5379,-6.9909,-6.7912,0.0084,0.0138,0.8916,0.0146,0.0113,0.8240,10.00,0.200,0.570,0.680,0.0567,0.0453,0.0061,0.00049,0.00269,0.00000,0.00000,0.00000,0.00000,0.00000,0.00000,0.00146,0.00171
822800,0.5379,0.5379,-6.9909,-6.7912,0.0112,0.0122,0.8172,0.0172,0.0179,0.6070,10.00,0.200,0.570,0.680,0.0326,0.0465,0.0110,0.00366,0.00317,0.00000,0.00000,0.00000,0.00000,0.00000,0.00000,0.00293,0.00122
823000,0.5379,0.5379,-6.9909,-6.7912,0.0188,0.0154,0.7215,0.0211,0.0183,0.5868,10.00,0.200,0.570,0.680,0.0407,0.0361,0.0117,0.00220,0.00439,0.00000,0.00000,0.00000,0.00000,0.00000,0.00000,0.00269,0.00244
823200,0.5379,0.5379,-6.9873,-6.8439,0.0156,0.0140,0.8239,0.0176,0.0110,0.8500,10.00,0.200,0.570,0.680,0.0321,0.0459,0.0115,0.00415,0.00293,0.00000,0.00000,0.00000,0.00000,0.00000,0.00000,0.00220,0.00220
823400,0.5379,0.5379,-6.9873,-6.8439,0.0088,0.0138,0.8936,0.0155,0.0201,0.6340,10.00,0.200,0.570,0.680,0.0473,0.0463,0.0081,0.00269,0.00269,0.00000,0.00000,0.00000,0.00000,0.00000,0.00000,0.00098,0.00171
823600,0.5379,0.5379,-7.0865,-7.0199,0.0180,0.0181,0.8496,0.0231,0.0140,0.7347,10.00,0.200,0.570,0.680,0.0459,0.0352,0.0100,0.00195,0.00366,0.00000,0.00000,0.00000,0.00000,0.00000,0.00000,0.00220,0.00220
823800,0.5379,0.5379,-7.0865,-7.0199,0.0117,0.0154,1.1385,0.0076,0.0174,0.6677,10.00,0.200,0.570,0.680,0.0461,0.0428,0.0085,0.00220,0.00244,0.00000,0.00000,0.00000,0.00000,0.00000,0.00000,0.00146,0.00244
824000,0.5379,0.5379,-7.0865,-7.0199,0.0169,0.0182,0.7410,0.0233,0.0100,0.6109,10.00,0.200,0.570,0.680,0.0377,0.0524,0.0098,0.00293,0.00269,0.00000,0.00000,0.00000,0.00000,0.00000,0.00000,0.00195,0.00220
824200,0.5379,0.5379,-7.0019,-6.8312,0.0157,0.0177,1.1489,0.0158,0.0261,0.6791,10.00,0.200,0.570,0.680,0.0415,0.0641,0.0078,0.00269,0.00220,0.00000,0.00000,0.00000,0.00000,0.00000,0.00000,0.00171,0.00122
824400,0.5379,0.5379,-7.0019,-6.8312,0.0166,0.0181,0.8177,0.0152,0.0221,0.6035,10.00,0.200,0.570,0.680,0.0418,0.0497,0.0083,0.00317,0.00195,0.00000,0.00000,0.00000,0.00000,0.00000,0.00000,0.00146,0.00171
824600,0.5379,0.5379,-6.8513,-6.8688,0.0095,0.0140,0.8826,0.0110,0.0124,0.6696,10.00,0.200,0.570,0.680,0.0462,0.0384,0.0100,0.00317,0.00366,0.00000,0.00000,0.00000,0.00000,0.00000,0.00000,0.00049,0.00269
824800,0.5379,0.5379,-6.8513,-6.8688,0.0122,0.0212,0.9944,0.0133,0.0121,0.9479,10.00,0.200,0.570,0.680,0.0437,0.0450,0.0095,0.00146,0.00244,0.00000,0.00000,0.00000,0.00000,0.00000,0.00000,0.00195,0.00366
825000,0.5379,0.5379,-6.8513,-6.8688,0.0090,0.0132,0.7283,0.0132,0.0169,0.8810,10.00,0.200,0.570,0.680,0.0376,0.0493,0.0103,0.00317,0.00220,0.00000,0.00000,0.00000,0.00000,0.00000,0.00000,0.00269,0.00220
825200,0.5379,0.5379,-6.9333,-6.8893,0.0140,0.0144,0.7959,0.0145,0.0147,0.6026,10.00,0.200,0.570,0.680,0.0478,0.0416,0.0090,0.00220,0.00342,0.00000,0.00000,0.00000,0.00000,0.00000,0.00000,0.00098,0.00269
825400,0.5379,0.5379,-6.9333,-6.8893,0.0108,0.0111,1.1508,0.0203,0.0243,0.8372,10.00,0.200,0.570,0.680,0.0489,0.0540,0.0066,0.00122,0.00171,0.00000,0.00000,0.00000,0.00000,0.00000,0.00000,0.00122,0.00244
825600,0.5379,0.5379,-6.7772,-6.9418,0.0152,0.0135,0.9442,0.0121,0.0202,0.8394,10.00,0.200,0.570,0.680,0.0551,0.0431,0.0076,0.00122,0.00342,0.00000,0.00000,0.00000,0.00000,0.00000,0.00000,0.00073,0.00220
825800,0.5379,0.5379,-6.7772,-6.9418,0.0214,0.0188,0.8007,0.0149,0.0169,0.6985,10.00,0.200,0.570,0.680,0.0287,0.0359,0.0115,0.00195,0.00293,0.00000,0.00000,0.00000,0.00000,0.00000,0.00000,0.00317,0.00366
826000,0.5379,0.5379,-6.7772,-6.9418,0.0153,0.0169,0.8577,0.0103,0.0183,0.5861,10.00,0.200,0.570,0.680,0.0464,0.0443,0.0085,0.00171,0.00317,0.00000,0.00000,0.00000,0.00000,0.00000,0.00000,0.00146,0.00220
826200,0.5379,0.5379,-6.9062,-6.8309,0.0203,0.0138,0.6789,0.0301,0.0240,0.5182,10.00,0.200,0.570,0.680,0.0364,0.0407,0.0103,0.00317,0.00220,0.00000,0.00000,0.00000,0.00000,0.00000,0.00000,0.00171,0.00317
826400,0.5379,0.5379,-6.9062,-6.8309,0.0140,0.0100,0.7255,0.0102,0.0167,0.7082,10.00,0.200,0.570,0.680,0.0447,0.0512,0.0078,0.00220,0.00171,0.00000,0.00000,0.00000,0.00000,0.00000,0.00000,0.00122,0.00269
826600,0.5379,0.5379,-6.9409,-6.7930,0.0125,0.0115,0.8676,0.0190,0.0118,0.7215,10.00,0.200,0.570,0.680,0.0322,0.0467,0.0090,0.00293,0.00342,0.00000,0.00000,0.00000,0.00000,0.00000,0.00000,0.00122,0.00146
826800,0.5379,0.5379,-6.9409,-6.7930,0.0140,0.0154,0.8509,0.0122,0.0098,0.6997,10.00,0.200,0.570,0.680,0.0419,0.0447,0.0076,0.00244,0.00171,0.00000,0.00000,0.00000,0.00000,0.00000,0.00000,0.00122,0.00220
827000,0.5379,0.5379,-6.9409,-6.7930,0.0131,0.0135,0.6856,0.0259,0.0180,0.6588,10.00,0.200,0.570,0.680,0.0350,0.0414,0.0107,0.00342,0.00439,0.00000,0.00000,0.00000,0.00000,0.00000,0.00000,0.00122,0.00171
827200,0.5379,0.5379,-6.9807,-6.9636,0.0116,0.0104,0.8026,0.0152,0.0164,0.5702,10.00,0.200,0.570,0.680,0.0189,0.0393,0.0122,0.00513,0.00269,0.00000,0.00000,0.00000,0.00000,0.00000,0.00000,0.00122,0.00317
827400,0.5379,0.5379,-6.9807,-6.9636,0.0123,0.0147,0.8563,0.0162,0.0162,0.6764,10.00,0.200,0.570,0.680,0.0379,0.0394,0.0083,0.00269,0.00269,0.00000,0.00000,0.00000,0.00000,0.00000,0.00000,0.00098,0.00195
827600,0.5379,0.5379,-7.0135,-6.7797,0.0104,0.0083,0.7553,0.0093,0.0144,0.7475,10.00,0.200,0.570,0.680,0.0116,0.0324,0.0151,0.00464,0.00562,0.00000,0.00000,0.00000,0.00000,0.00000,0.00000,0.00342,0.00171
827800,0.5379,0.5379,-7.0135,-6.7797,0.0097,0.0120,0.7673,0.0152,0.0207,0.7467,10.00,0.200,0.570,0.680,0.0317,0.0485,0.0103,0.00317,0.00342,0.00000,0.00000,0.00000,0.00000,0.00000,0.00000,0.00220,0.00146
828000,0.5379,0.5379,-7.0135,-6.7797,0.0161,0.0123,0.8175,0.0129,0.0142,0.8586,10.00,0.200,0.570,0.680,0.0381,0.0496,0.0090,0.00342,0.00220,0.00000,0.00000,0.00000,0.00000,0.00000,0.00000,0.00146,0.00195
828200,0.5379,0.5379,-6.9866,-6.8572,0.0135,0.0106,0.8717,0.0062,0.0189,0.7528,10.00,0.200,0.570,0.680,0.0320,0.0514,0.0100,0.00171,0.00244,0.00000,0.00000,0.00000,0.00000,0.00000,0.00000,0.00366,0.00220
828400,0.5379,0.5379,-6.9866,-6.8572,0.0119,0.0215,0.9152,0.0165,0.0245,0.6481,10.00,0.200,0.570,0.680,0.0420,0.0586,0.0073,0.00293,0.00244,0.00000,0.00000,0.00000,0.00000,0.00000,0.00000,0.00122,0.00073
828600,0.5379,0.5379,-6.8313,-6.9113,0.0145,0.0163,0.8830,0.0139,0.0151,0.6802,10.00,0.200,0.570,0.680,0.0483,0.0392,0.0090,0.00244,0.00391,0.00000,0.00024,0.00000,0.00000,0.00000,0.00000,0.00073,0.00171
828800,0.5379,0.5379,-6.8313,-6.9113,0.0143,0.0109,0.8068,0.0114,0.0163,0.6624,10.00,0.200,0.570,0.680,0.0450,0.0556,0.0081,0.00293,0.00171,0.00000,0.00000,0.00000,0.00000,0.00000,0.00000,0.00195,0.00146
829000,0.5379,0.5379,-6.8313,-6.9113,0.0139,0.0096,0.8671,0.0164,0.0142,0.5666,10.00,0.200,0.570,0.680,0.0517,0.0405,0.0085,0.00195,0.00366,0.00000,0.00000,0.00000,0.00000,0.00000,0.00000,0.00098,0.00195
829200,0.5379,0.5379,-6.9111,-6.8473,0.0110,0.0138,0.8262,0.0112,0.0180,0.7765,10.00,0.200,0.570,0.680,0.0424,0.0324,0.0103,0.00244,0.00464,0.00000,0.00000,0.00000,0.00000,0.00000,0.00000,0.00171,0.00146
829400,0.5379,0.5379,-6.9111,-6.8473,0.0122,0.0129,0.8909,0.0085,0.0101,0.6923,10.00,0.200,0.570,0.680,0.0360,0.0201,0.0134,0.00391,0.00513,0.00000,0.00000,0.00000,0.00000,0.00000,0.00000,0.00171,0.00269
829600,0.5379,0.5379,-6.8793,-6.9176,0.0160,0.0163,0.7881,0.0113,0.0151,0.6962,10.00,0.200,0.570,0.680,0.0442,0.0407,0.0105,0.00244,0.00391,0.00000,0.00000,0.00000,0.00000,0.00000,0.00000,0.00220,0.00195
829800,0.5379,0.5379,-6.8793,-6.9176,0.0179,0.0155,0.8661,0.0214,0.0221,0.6791,10.00,0.200,0.570,0.680,0.0341,0.0399,0.0112,0.00342,0.00366,0.00000,0.00000,0.00000,0.00000,0.00000,0.00000,0.00220,0.00195
830000,0.5379,0.5379,-6.8793,-6.9176,0.0134,0.0146,0.7178,0.0103,0.0113,0.7296,10.00,0.200,0.570,0.680,0.0508,0.0388,0.0090,0.00122,0.00293,0.00000,0.00000,0.00000,0.00000,0.00000,0.00000,0.00195,0.00293
830200,0.5379,0.5379,-6.8518,-6.8457,0.0171,0.0137,0.8680,0.0206,0.0162,0.6569,10.00,0.200,0.570,0.680,0.0551,0.0069,0.0115,0.00122,0.00439,0.00000,0.00000,0.00000,0.00000,0.00000,0.00000,0.00122,0.00464
830400,0.5379,0.5379,-6.8518,-6.8457,0.0098,0.0156,0.9773,0.0191,0.0138,0.6944,10.00,0.200,0.570,0.680,0.0456,0.0302,0.0103,0.00195,0.00342,0.00000,0.00000,0.00000,0.00000,0.00000,0.00000,0.00195,0.00293
830600,0.5379,0.5379,-6.8892,-6.9625,0.0159,0.0177,0.7432,0.0139,0.0139,0.5865,10.00,0.200,0.570,0.680,0.0380,0.0360,0.0107,0.00366,0.00317,0.00000,0.00000,0.00000,0.00000,0.00000,0.00000,0.00146,0.00244
830800,0.5379,0.5379,-6.8892,-6.9625,0.0148,0.0100,0.9760,0.0169,0.0195,0.5148,10.00,0.200,0.570,0.680,0.0431,0.0468,0.0093,0.00269,0.00342,0.00000,0.00000,0.00000,0.00000,0.00000,0.00000,0.00122,0.00195
831000,0.5379,0.5379,-6.8892,-6.9625,0.0112,0.0141,0.8692,0.0135,0.0155,0.8296,10.00,0.200,0.570,0.680,0.0486,0.0253,0.0081,0.00171,0.00220,0.00000,0.00000,0.00000,0.00000,0.00000,0.00000,0.00098,0.00317
831200,0.5379,0.5379,-6.9219,-6.7804,0.0137,0.0121,0.8907,0.0174,0.0203,0.7399,10.00,0.200,0.570,0.680,0.0405,0.0404,0.0103,0.00366,0.00366,0.00000,0.00000,0.00000,0.00000,0.00000,0.00000,0.00073,0.00220
831400,0.5379,0.5379,-6.9219,-6.7804,0.0146,0.0144,0.7735,0.0055,0.0186,0.6088,10.00,0.200,0.570,0.680,0.0449,0.0272,0.0112,0.00220,0.00269,0.00000,0.00000,0.00000,0.00000,0.00000,0.00000,0.00195,0.00439
831600,0.5379,0.5379,-6.9590,-6.7457,0.0148,0.0130,0.9435,0.0166,0.0177,0.8971,10.00,0.200,0.570,0.680,0.0211,0.0229,0.0149,0.00464,0.00317,0.00000,0.00000,0.00000,0.00000,0.00000,0.00000,0.00317,0.00391
831800,0.5379,0.5379,-6.9590,-6.7457,0.0136,0.0139,0.8250,0.0141,0.0192,0.6218,10.00,0.200,0.570,0.680,0.0418,0.0400,0.0085,0.00220,0.00220,0.00000,0.00000,0.00000,0.00000,0.00000,0.00000,0.00146,0.00269
832000,0.5379,0.5379,-6.9590,-6.7457,0.0163,0.0158,0.9029,0.0146,0.0140,0.6227,10.00,0.200,0.570,0.680,0.0356,0.0509,0.0100,0.00171,0.00317,0.00000,0.00000,0.00000,0.00000,0.00000,0.00000,0.00391,0.00122
832200,0.5379,0.5379,-7.0133,-6.8944,0.0172,0.0117,1.0033,0.0227,0.0151,0.6025,10.00,0.200,0.570,0.680,0.0390,0.0268,0.0125,0.00244,0.00415,0.00000,0.00000,0.00000,0.00000,0.00000,0.00000,0.00293,0.00293
832400,0.5379,0.5379,-7.0133,-6.8944,0.0194,0.0324,0.6287,0.0200,0.0130,0.5661,10.00,0.200,0.570,0.680,0.0510,0.0508,0.0068,0.00195,0.00146,0.00000,0.00000,0.00000,0.00000,0.00000,0.00000,0.00122,0.00220
832600,0.5379,0.5379,-6.8891,-6.8452,0.0161,0.0091,0.8804,0.0151,0.0151,0.6420,10.00,0.200,0.570,0.680,0.0450,0.0327,0.0110,0.00220,0.00342,0.00000,0.00000,0.00000,0.00000,0.00000,0.00000,0.00220,0.00317
832800,0.5379,0.5379,-6.8891,-6.8452,0.0136,0.0148,0.7510,0.0187,0.0139,0.6780,10.00,0.200,0.570,0.680,0.0399,0.0378,0.0105,0.00244,0.00293,0.00000,0.00000,0.00000,0.00000,0.00000,0.00000,0.00244,0.00269
833000,0.5379,0.5379,-6.8891,-6.8452,0.0130,0.0127,0.7647,0.0209,0.0180,0.6129,10.00,0.200,0.570,0.680,0.0421,0.0267,0.0112,0.00244,0.00464,0.00000,0.00000,0.00000,0.00000,0.00000,0.00000,0.00195,0.00220
833200,0.5379,0.5379,-6.9689,-6.8066,0.0171,0.0189,0.7304,0.0119,0.0123,0.6802,10.00,0.200,0.570,0.680,0.0510,0.0550,0.0088,0.00244,0.00220,0.00000,0.00000,0.00000,0.00000,0.00000,0.00000,0.00195,0.00220
833400,0.5379,0.5379,-6.9689,-6.8066,0.0171,0.0187,0.8580,0.0158,0.0155,0.7626,10.00,0.200,0.570,0.680,0.0527,0.0319,0.0107,0.00122,0.00342,0.00000,0.00000,0.00000,0.00000,0.00000,0.00000,0.00195,0.00415
833600,0.5379,0.5379,-6.8322,-6.7334,0.0166,0.0167,0.9068,0.0123,0.0199,0.6771,10.00,0.200,0.570,0.680,0.0500,0.0442,0.0090,0.00269,0.00293,0.00000,0.00000,0.00000,0.00000,0.00000,0.00000,0.00098,0.00244
833800,0.5379,0.5379,-6.8322,-6.7334,0.0125,0.0177,0.7178,0.0189,0.0137,0.7627,10.00,0.200,0.570,0.680,0.0486,0.0446,0.0090,0.00171,0.00391,0.00000,0.00000,0.00000,0.00000,0.00000,0.00000,0.00146,0.00195
834000,0.5379,0.5379,-6.8322,-6.7334,0.0109,0.0122,0.6861,0.0150,0.0142,0.7420,10.00,0.200,0.570,0.680,0.0519,0.0411,0.0081,0.00244,0.00171,0.00000,0.00000,0.00000,0.00000,0.00000,0.00000,0.00024,0.00366
834200,0.5379,0.5379,-6.8876,-6.8325,0.0129,0.0148,0.8122,0.0138,0.0108,0.8055,10.00,0.200,0.570,0.680,0.0480,0.0509,0.0081,0.00195,0.00293,0.00000,0.00000,0.00000,0.00000,0.00000,0.00000,0.00122,0.00195
834400,0.5379,0.5379,-6.8876,-6.8325,0.0124,0.0128,0.8142,0.0212,0.0154,0.8579,10.00,0.200,0.570,0.680,0.0434,0.0299,0.0122,0.00220,0.00439,0.00000,0.00000,0.00000,0.00000,0.00000,0.00000,0.00122,0.00439
834600,0.5379,0.5379,-6.8501,-6.9212,0.0134,0.0114,0.6678,0.0160,0.0143,0.7759,10.00,0.200,0.570,0.680,0.0382,0.0434,0.0093,0.00244,0.00269,0.00000,0.00000,0.00000,0.00000,0.00000,0.00000,0.00171,0.00244
834800,0.5379,0.5379,-6.8501,-6.9212,0.0164,0.0130,0.6119,0.0116,0.0155,0.7113,10.00,0.200,0.570,0.680,0.0374,0.0388,0.0115,0.00317,0.00391,0.00000,0.00000,0.00000,0.00000,0.00000,0.00000,0.00146,0.00317
835000,0.5379,0.5379,-6.8501,-6.9212,0.0126,0.0127,0.6967,0.0108,0.0120,0.7979,10.00,0.200,0.570,0.680,0.0329,0.0488,0.0107,0.00317,0.00269,0.00000,0.00000,0.00000,0.00000,0.00000,0.00000,0.00195,0.00293
835200,0.5379,0.5379,-6.9841,-6.8420,0.0166,0.0185,0.6000,0.0215,0.0293,0.8535,10.00,0.200,0.570,0.680,0.0322,0.0370,0.0105,0.00195,0.00366,0.00000,0.00000,0.00000,0.00000,0.00000,0.00000,0.00220,0.00269
835400,0.5379,0.5379,-6.9841,-6.8420,0.0078,0.0138,0.8237,0.0131,0.0163,0.6880,10.00,0.200,0.570,0.680,0.0404,0.0406,0.0100,0.00269,0.00439,0.00000,0.00000,0.00000,0.00000,0.00000,0.00000,0.00122,0.00171
835600,0.5379,0.5379,-7.0098,-6.8122,0.0142,0.0164,0.7251,0.0199,0.0172,0.7599,10.00,0.200,0.570,0.680,0.0503,0.0495,0.0088,0.00171,0.00269,0.00000,0.00000,0.00000,0.00000,0.00000,0.00000,0.00171,0.00269
835800,0.5379,0.5379,-7.0098,-6.8122,0.0117,0.0141,0.7451,0.0159,0.0147,0.6360,10.00,0.200,0.570,0.680,0.0206,0.0437,0.0144,0.00586,0.00366,0.00000,0.00000,0.00000,0.00000,0.00000,0.00000,0.00244,0.00244
836000,0.5379,0.5379,-7.0098,-6.8122,0.0132,0.0145,0.7541,0.0180,0.0170,0.6284,10.00,0.200,0.570,0.680,0.0357,0.0538,0.0105,0.00342,0.00317,0.00000,0.00000,0.00000,0.00000,0.00000,0.00000,0.00244,0.00146
836200,0.5379,0.5379,-7.0589,-6.9418,0.0095,0.0142,0.8871,0.0222,0.0170,0.8378,10.00,0.200,0.570,0.680,0.0434,0.0445,0.0098,0.00269,0.00220,0.00000,0.00000,0.00000,0.00000,0.00000,0.00000,0.00195,0.00293
836400,0.5379,0.5379,-7.0589,-6.9418,0.0103,0.0123,0.9345,0.0207,0.0177,0.8270,10.00,0.200,0.570,0.680,0.0355,0.0486,0.0098,0.00342,0.00366,0.00000,0.00000,0.00000,0.00000,0.00000,0.00000,0.00195,0.00073
836600,0.5379,0.5379,-7.0225,-6.7451,0.0142,0.0172,0.9879,0.0122,0.0169,0.8147,10.00,0.200,0.570,0.680,0.0446,0.0458,0.0088,0.00220,0.00391,0.00000,0.00000,0.00000,0.00000,0.00000,0.00000,0.00122,0.00146
836800,0.5379,0.5379,-7.0225,-6.7451,0.0135,0.0102,0.7281,0.0280,0.0246,0.6347,10.00,0.200,0.570,0.680,0.0396,0.0265,0.0117,0.00195,0.00366,0.00000,0.00000,0.00000,0.00000,0.00000,0.00000,0.00342,0.00269
837000,0.5379,0.5379,-7.0225,-6.7451,0.0116,0.0158,0.9198,0.0190,0.0162,0.6682,10.00,0.200,0.570,0.680,0.0373,0.0353,0.0122,0.00342,0.00391,0.00000,0.00000,0.00000,0.00000,0.00000,0.00000,0.00171,0.00317
837200,0.5379,0.5379,-7.0698,-6.7792,0.0155,0.0116,0.9557,0.0098,0.0144,0.6181,10.00,0.200,0.570,0.680,0.0429,0.0453,0.0083,0.00146,0.00269,0.00000,0.00000,0.00000,0.00000,0.00000,0.00000,0.00220,0.00195
837400,0.5379,0.5379,-7.0698,-6.7792,0.0142,0.0167,0.8998,0.0176,0.0148,0.6644,10.00,0.200,0.570,0.680,0.0367,0.0168,0.0127,0.00220,0.00513,0.00000,0.00000,0.00000,0.00000,0.00000,0.00000,0.00317,0.00244
837600,0.5379,0.5379,-6.9321,-6.9956,0.0111,0.0106,0.8854,0.0186,0.0178,0.6286,10.00,0.200,0.570,0.680,0.0432,0.0508,0.0083,0.00293,0.00195,0.00000,0.00000,0.00000,0.00000,0.00000,0.00000,0.00146,0.00195
837800,0.5379,0.5379,-6.9321,-6.9956,0.0119,0.0170,1.0473,0.0251,0.0188,0.6090,10.00,0.200,0.570,0.680,0.0346,0.0429,0.0105,0.00366,0.00244,0.00000,0.00000,0.00000,0.00000,0.00000,0.00000,0.00195,0.00244
838000,0.5379,0.5379,-6.9321,-6.9956,0.0181,0.0145,1.1905,0.0296,0.0218,0.6916,10.00,0.200,0.570,0.680,0.0316,0.0494,0.0103,0.00342,0.00195,0.00000,0.00000,0.00000,0.00000,0.00000,0.00000,0.00220,0.00269
838200,0.5379,0.5379,-6.8811,-6.9771,0.0216,0.0114,0.8305,0.0154,0.0178,0.7854,10.00,0.200,0.570,0.680,0.0414,0.0434,0.0081,0.00317,0.00293,0.00000,0.00000,0.00000,0.00000,0.00000,0.00000,0.00024,0.00171
838400,0.5379,0.5379,-6.8811,-6.9771,0.0116,0.0148,0.7595,0.0178,0.0152,0.5894,10.00,0.200,0.570,0.680,0.0333,0.0339,0.0115,0.00171,0.00244,0.00000,0.00000,0.00000,0.00000,0.00000,0.00000,0.00366,0.00366
838600,0.5379,0.5379,-6.8671,-6.9487,0.0109,0.0123,0.8753,0.0132,0.0145,0.8755,10.00,0.200,0.570,0.680,0.0339,0.0531,0.0103,0.00317,0.00244,0.00000,0.00000,0.00000,0.00000,0.00000,0.00000,0.00269,0.00195
838800,0.5379,0.5379,-6.8671,-6.9487,0.0138,0.0167,0.8953,0.0147,0.0112,0.6477,10.00,0.200,0.570,0.680,0.0360,0.0536,0.0083,0.00244,0.00269,0.00000,0.00000,0.00000,0.00000,0.00000,0.00000,0.00171,0.00171
839000,0.5379,0.5379,-6.8671,-6.9487,0.0209,0.0165,0.4632,0.0298,0.0263,0.4147,10.00,0.200,0.570,0.680,0.0368,0.0494,0.0095,0.00342,0.00317,0.00000,0.00000,0.00000,0.00000,0.00000,0.00000,0.00073,0.00220
839200,0.5379,0.5379,-6.8620,-6.8340,0.0118,0.0088,0.8446,0.0154,0.0156,0.7713,10.00,0.200,0.570,0.680,0.0390,0.0502,0.0078,0.00171,0.00269,0.00000,0.00000,0.00000,0.00000,0.00000,0.00000,0.00195,0.00146
839400,0.5379,0.5379,-6.8620,-6.8340,0.0130,0.0176,0.8341,0.0204,0.0145,0.6314,10.00,0.200,0.570,0.680,0.0274,0.0382,0.0112,0.00293,0.00366,0.00000,0.00000,0.00000,0.00000,0.00000,0.00000,0.00244,0.00220
839600,0.5379,0.5379,-6.9532,-6.8653,0.0122,0.0112,1.0161,0.0118,0.0138,0.7969,10.00,0.200,0.570,0.680,0.0269,0.0341,0.0105,0.00342,0.00342,0.00000,0.00000,0.00000,0.00000,0.00000,0.00000,0.00146,0.00220
839800,0.5379,0.5379,-6.9532,-6.8653,0.0179,0.0128,0.9276,0.0168,0.0116,0.7654,10.00,0.200,0.570,0.680,0.0245,0.0452,0.0115,0.00415,0.00415,0.00000,0.00000,0.00000,0.00000,0.00000,0.00000,0.00220,0.00122
840000,0.5379,0.5379,-6.9532,-6.8653,0.0109,0.0122,0.8501,0.0099,0.0126,0.7164,10.00,0.200,0.570,0.680,0.0266,0.0583,0.0076,0.00366,0.00146,0.00000,0.00000,0.00000,0.00000,0.00000,0.00000,0.00195,0.00049
840200,0.5379,0.5379,-6.9609,-6.8433,0.0140,0.0089,0.8073,0.0144,0.0095,0.7076,10.00,0.200,0.570,0.680,0.0382,0.0218,0.0122,0.00220,0.00366,0.00000,0.00000,0.00000,0.00000,0.00000,0.00000,0.00171,0.00464
840400,0.5379,0.5379,-6.9609,-6.8433,0.0144,0.0118,0.8213,0.0199,0.0219,0.6202,10.00,0.200,0.570,0.680,0.0471,0.0565,0.0063,0.00146,0.00195,0.00000,0.00000,0.00000,0.00000,0.00000,0.00000,0.00171,0.00122
840600,0.5379,0.5379,-7.0303,-6.8698,0.0174,0.0130,0.7525,0.0191,0.0232,0.6647,10.00,0.200,0.570,0.680,0.0458,0.0425,0.0105,0.00317,0.00391,0.00000,0.00000,0.00000,0.00000,0.00000,0.00000,0.00122,0.00220
840800,0.5379,0.5379,-7.0303,-6.8698,0.0150,0.0054,0.5032,0.0145,0.0122,0.3912,10.00,0.200,0.570,0.680,-0.0799,-0.0761,0.0000,0.00000,0.00000,0.00000,0.00000,0.00000,0.00000,0.00000,0.00000,0.00000,0.00000
841000,0.5379,0.5379,-7.0303,-6.8698,0.0096,0.0130,0.9123,0.0133,0.0200,0.6866,10.00,0.200,0.570,0.680,0.0338,0.0438,0.0125,0.00391,0.00244,0.00000,0.00000,0.00000,0.00000,0.00000,0.00000,0.00220,0.00391
841200,0.5379,0.5379,-6.9477,-6.8145,0.0155,0.0149,0.8497,0.0130,0.0153,0.8800,10.00,0.200,0.570,0.680,0.0450,0.0535,0.0078,0.00171,0.00122,0.00000,0.00000,0.00000,0.00000,0.00000,0.00000,0.00220,0.00269
841400,0.5379,0.5379,-6.9477,-6.8145,0.0112,0.0121,0.8951,0.0077,0.0156,0.6073,10.00,0.200,0.570,0.680,0.0569,0.0458,0.0083,0.00171,0.00439,0.00000,0.00000,0.00000,0.00000,0.00000,0.00000,0.00073,0.00146
841600,0.5379,0.5379,-6.9449,-6.9294,0.0134,0.0140,0.8542,0.0083,0.0170,0.6854,10.00,0.200,0.570,0.680,0.0533,0.0450,0.0071,0.00098,0.00244,0.00000,0.00000,0.00000,0.00000,0.00000,0.00000,0.00195,0.00171
